<ImportExportXml xmlns:xsi="http://www.w3.org/2001/XMLSchema-instance">
  <Entities></Entities>
  <Roles></Roles>
  <Workflows></Workflows>
  <FieldSecurityProfiles></FieldSecurityProfiles>
  <Templates />
  <EntityMaps />
  <EntityRelationships />
  <OrganizationSettings />
  <optionsets />
  <CustomControls />
  <EntityDataProviders />
  <Connectors>
    <Connector>
      <connectorid>4341e6ef-6883-4838-b529-8034db7eadda</connectorid>
      <description>Create powerful conversation experience for your customers right from your CRM system.
Learn more https://docs.crmbot.ai/</description>
      <displayname>CRM Bot Cache</displayname>
      <iconbrandcolor>#ffffff</iconbrandcolor>
      <name>bot_5Fcrm-20bot-20cache</name>
      <connectortype>1</connectortype>
      <openapidefinition>/Connector/bot_5Fcrm-20bot-20cache_openapidefinition.json</openapidefinition>
      <connectionparameters>/Connector/bot_5Fcrm-20bot-20cache_connectionparameters.json</connectionparameters>
      <policytemplateinstances>/Connector/bot_5Fcrm-20bot-20cache_policytemplateinstances.json</policytemplateinstances>
      <iconblob>/Connector/bot_5Fcrm-20bot-20cache_iconblob.Jpeg</iconblob>
    </Connector>
    <Connector>
      <connectorid>01ac14c9-ffd7-4eb7-b1e2-d3ab3d15a2bc</connectorid>
      <description>Create powerful conversation experience for your customers right from your CRM system.
Learn more https://docs.crmbot.ai/</description>
      <displayname>CRM Bot</displayname>
      <iconbrandcolor>#ffffff</iconbrandcolor>
      <name>bot_5Fcrm-20bot</name>
      <connectortype>1</connectortype>
      <openapidefinition>/Connector/bot_5Fcrm-20bot_openapidefinition.json</openapidefinition>
      <connectionparameters>/Connector/bot_5Fcrm-20bot_connectionparameters.json</connectionparameters>
      <policytemplateinstances>/Connector/bot_5Fcrm-20bot_policytemplateinstances.json</policytemplateinstances>
      <iconblob>/Connector/bot_5Fcrm-20bot_iconblob.Jpeg</iconblob>
    </Connector>
    <Connector>
      <connectorid>c9a85d9d-b974-480b-a8bb-f918972d23fe</connectorid>
      <description>Create powerful conversation experience for your customers right from your CRM system.
Learn more https://docs.crmbot.ai/</description>
      <displayname>CRM Bot Admin</displayname>
      <iconbrandcolor>#ffffff</iconbrandcolor>
      <name>bot_5Fcrm-20bot-20admin</name>
      <connectortype>1</connectortype>
      <openapidefinition>/Connector/bot_5Fcrm-20bot-20admin_openapidefinition.json</openapidefinition>
      <connectionparameters>/Connector/bot_5Fcrm-20bot-20admin_connectionparameters.json</connectionparameters>
      <policytemplateinstances>/Connector/bot_5Fcrm-20bot-20admin_policytemplateinstances.json</policytemplateinstances>
      <iconblob>/Connector/bot_5Fcrm-20bot-20admin_iconblob.Jpeg</iconblob>
    </Connector>
  </Connectors>
  <Languages>
    <Language>1033</Language>
  </Languages>
</ImportExportXml>