{"properties":{"connectionReferences":{"shared_bot-5fcrm-20bot-5fe0080d63112e52fa_1":{"runtimeSource":"embedded","connection":{},"api":{"name":"shared_bot-5fcrm-20bot-5fe0080d63112e52fa","logicalName":"bot_5Fcrm-20bot"}}},"definition":{"$schema":"https://schema.management.azure.com/providers/Microsoft.Logic/schemas/2016-06-01/workflowdefinition.json#","contentVersion":"1.0.0.0","parameters":{"$connections":{"defaultValue":{},"type":"Object"},"$authentication":{"defaultValue":{},"type":"SecureObject"}},"triggers":{"When_Intent_is_detected":{"type":"OpenApiConnectionWebhook","inputs":{"host":{"connectionName":"shared_bot-5fcrm-20bot-5fe0080d63112e52fa_1","operationId":"intent-detected","apiId":""},"parameters":{"body/intent":"Help - Activities","body/platform":"Unspecified"},"authentication":"@parameters('$authentication')"}}},"actions":{"Send_Response":{"runAfter":{"Build_Adaptive_Card_Response":["Succeeded"]},"type":"OpenApiConnection","inputs":{"host":{"connectionName":"shared_bot-5fcrm-20bot-5fe0080d63112e52fa_1","operationId":"send-response","apiId":""},"parameters":{"body/sessionId":"@triggerOutputs()?['body/BotSessionId']","body/useGlossary":false,"body/targetLanguage":"en","body/webhookResponse/FulfillmentMessages":["@outputs('Build_Adaptive_Card_Response')?['body/message']"]},"authentication":"@parameters('$authentication')"}},"Build_Adaptive_Card_Response":{"runAfter":{},"type":"OpenApiConnection","inputs":{"host":{"connectionName":"shared_bot-5fcrm-20bot-5fe0080d63112e52fa_1","operationId":"build-custom-message","apiId":""},"parameters":{"body/platform":"@triggerOutputs()?['body/Platform']","body/text":"{\n    \"type\": \"AdaptiveCard\",\n    \"body\": [\n       {\n            \"type\": \"TextBlock\",\n            \"text\": \"Activity Management\",\n            \"size\": \"Large\",\n            \"wrap\": true,\n            \"weight\": \"Bolder\"\n        },\n        {\n            \"type\": \"TextBlock\",\n            \"text\": \"If you are in the context of the record you're working on (simply put, have the **Record Card** open as the latest message from the bot) you can add new activities by simply typing, for example, **Call in 2 days at 1pm to do something**. Try it out and very quickly you will become the master at it!\",\n            \"wrap\": true,\n            \"separator\": true\n        },\n        {\n            \"type\": \"TextBlock\",\n            \"text\": \"After you create your activity you can **Reschedule** (this allows you to change the due date), **Change State** (quickly complete/cancel said activity) or **Show Parent** (navigate to the parent record). \",\n            \"wrap\": true,\n            \"separator\": true\n        }\n    ],\n    \"actions\": [\n        {\n                    \"type\": \"Action.Submit\",\n                    \"title\": \"Back to Help\",\n  \"data\": {\n    \"msteams\": {\n      \"type\": \"messageBack\",\n      \"displayText\": \"Help\",\n      \"text\": \"Help\"\n    }\n  }\n                },\n        {\n            \"type\": \"Action.OpenUrl\",\n            \"url\": \"https://docs.crmbot.ai/docs/\",\n            \"title\": \"View Quick Overview Video\"\n        }\n    ],\n    \"$schema\": \"http://adaptivecards.io/schemas/adaptive-card.json\",\n    \"version\": \"1.2\"\n}"},"authentication":"@parameters('$authentication')"}}},"outputs":{}}},"schemaVersion":"1.0.0.0"}