{"properties":{"connectionReferences":{"shared_bot-5fcrm-20bot-5fe0080d63112e52fa_1":{"runtimeSource":"embedded","connection":{},"api":{"name":"shared_bot-5fcrm-20bot-5fe0080d63112e52fa","logicalName":"bot_5Fcrm-20bot"}}},"definition":{"$schema":"https://schema.management.azure.com/providers/Microsoft.Logic/schemas/2016-06-01/workflowdefinition.json#","contentVersion":"1.0.0.0","parameters":{"$connections":{"defaultValue":{},"type":"Object"},"$authentication":{"defaultValue":{},"type":"SecureObject"}},"triggers":{"When_Intent_is_detected":{"type":"OpenApiConnectionWebhook","inputs":{"host":{"connectionName":"shared_bot-5fcrm-20bot-5fe0080d63112e52fa_1","operationId":"intent-detected","apiId":""},"parameters":{"body/intent":"Help","body/platform":"Unspecified"},"authentication":"@parameters('$authentication')"}}},"actions":{"Send_Response":{"runAfter":{"Build_Adaptive_Card_Response":["Succeeded"]},"type":"OpenApiConnection","inputs":{"host":{"connectionName":"shared_bot-5fcrm-20bot-5fe0080d63112e52fa_1","operationId":"send-response","apiId":""},"parameters":{"body/sessionId":"@triggerOutputs()?['body/BotSessionId']","body/useGlossary":false,"body/targetLanguage":"en","body/webhookResponse/FulfillmentMessages":["@outputs('Build_Adaptive_Card_Response')?['body/message']"]},"authentication":"@parameters('$authentication')"}},"Build_Adaptive_Card_Response":{"runAfter":{},"type":"OpenApiConnection","inputs":{"host":{"connectionName":"shared_bot-5fcrm-20bot-5fe0080d63112e52fa_1","operationId":"build-custom-message","apiId":""},"parameters":{"body/platform":"@triggerOutputs()?['body/Platform']","body/text":"{\n    \"type\": \"AdaptiveCard\",\n    \"body\": [\n        {\n            \"type\": \"Container\",\n            \"items\": [\n                {\n                    \"type\": \"TextBlock\",\n                    \"text\": \"Welcome to **[CRM Bot Community Edition](https://docs.crmbot.ai/docs/)**\",\n                    \"size\": \"Large\",\n                    \"wrap\": true,\n                    \"weight\": \"Bolder\"\n                },\n                {\n                    \"type\": \"TextBlock\",\n                    \"text\": \"CRM Bot Community has been created to assist (predominantly) Sales Users with their day to day activities.\",\n                    \"wrap\": true,\n                    \"separator\": true\n                }\n            ],\n            \"bleed\": true\n        },\n        {\n            \"type\": \"TextBlock\",\n            \"text\": \"You can view **your** (by default, only records you own are displayed) Accounts, Contacts, Leads, Opportunities, Notes & Activites, as well as check pricing on your Products.\",\n            \"wrap\": true,\n            \"separator\": true\n        },\n        {\n            \"type\": \"TextBlock\",\n            \"text\": \"Select from menu below your help topic to find out more!\",\n            \"wrap\": true,\n            \"separator\": true\n        },\n        {\n            \"type\": \"ActionSet\",\n            \"actions\": [\n                {\n                    \"type\": \"Action.Submit\",\n                    \"title\": \"Searching\",\n  \"data\": {\n    \"msteams\": {\n      \"type\": \"messageBack\",\n      \"displayText\": \"Searching for Records\",\n      \"text\": \"Help - Search\"\n    }\n  }\n                },\n                {\n                    \"type\": \"Action.Submit\",\n                    \"title\": \"Records\",\n  \"data\": {\n    \"msteams\": {\n      \"type\": \"messageBack\",\n      \"displayText\": \"Record Management\",\n      \"text\": \"Help - Records\"\n    }\n  }\n                },\n                {\n                    \"type\": \"Action.Submit\",\n                    \"title\": \"Activities\",\n  \"data\": {\n    \"msteams\": {\n      \"type\": \"messageBack\",\n      \"displayText\": \"Activity Management\",\n      \"text\": \"Help - Activities\"\n    }\n  }\n                },\n                {\n                    \"type\": \"Action.Submit\",\n                    \"title\": \"Other\",\n  \"data\": {\n    \"msteams\": {\n      \"type\": \"messageBack\",\n      \"displayText\": \"Other Functionality\",\n      \"text\": \"Help - Other\"\n    }\n  }\n                }\n            ]\n        }\n    ],\n    \"actions\": [\n        {\n            \"type\": \"Action.OpenUrl\",\n            \"url\": \"https://docs.crmbot.ai/docs/\",\n            \"title\": \"View Quick Overview Video\"\n        }\n    ],\n    \"$schema\": \"http://adaptivecards.io/schemas/adaptive-card.json\",\n    \"version\": \"1.2\"\n}"},"authentication":"@parameters('$authentication')"}}},"outputs":{}}},"schemaVersion":"1.0.0.0"}