{"properties":{"connectionReferences":{"shared_bot-5fcrm-20bot-5fe0080d63112e52fa_1":{"runtimeSource":"embedded","connection":{},"api":{"name":"shared_bot-5fcrm-20bot-5fe0080d63112e52fa","logicalName":"bot_5Fcrm-20bot"}}},"definition":{"$schema":"https://schema.management.azure.com/providers/Microsoft.Logic/schemas/2016-06-01/workflowdefinition.json#","contentVersion":"1.0.0.0","parameters":{"$connections":{"defaultValue":{},"type":"Object"},"$authentication":{"defaultValue":{},"type":"SecureObject"}},"triggers":{"When_Intent_is_detected":{"type":"OpenApiConnectionWebhook","inputs":{"host":{"connectionName":"shared_bot-5fcrm-20bot-5fe0080d63112e52fa_1","operationId":"intent-detected","apiId":""},"parameters":{"body/intent":"Help - Other","body/platform":"Unspecified"},"authentication":"@parameters('$authentication')"}}},"actions":{"Send_Response":{"runAfter":{"Build_Adaptive_Card_Response":["Succeeded"]},"type":"OpenApiConnection","inputs":{"host":{"connectionName":"shared_bot-5fcrm-20bot-5fe0080d63112e52fa_1","operationId":"send-response","apiId":""},"parameters":{"body/sessionId":"@triggerOutputs()?['body/BotSessionId']","body/useGlossary":false,"body/targetLanguage":"en","body/webhookResponse/FulfillmentMessages":["@outputs('Build_Adaptive_Card_Response')?['body/message']"]},"authentication":"@parameters('$authentication')"}},"Build_Adaptive_Card_Response":{"runAfter":{},"type":"OpenApiConnection","inputs":{"host":{"connectionName":"shared_bot-5fcrm-20bot-5fe0080d63112e52fa_1","operationId":"build-custom-message","apiId":""},"parameters":{"body/platform":"@triggerOutputs()?['body/Platform']","body/text":"{\n    \"type\": \"AdaptiveCard\",\n    \"body\": [\n      {\n            \"type\": \"TextBlock\",\n            \"text\": \"File Management & Other Functions\",\n            \"size\": \"Large\",\n            \"wrap\": true,\n            \"weight\": \"Bolder\"\n        },\n        {\n            \"type\": \"TextBlock\",\n            \"text\": \"One really cool functionality is ability to **add files to records**. If you are using desktop or IOS Teams client (unfortunately, Microsoft Teams currently **does not allows Android users to upload files to chatbots**), simply navigate to your chosen Record Card and upload a new file. After file is uploaded, you will be prompted to provide **Note Title** and **Note Description**. This is extremely quick way to add photos, documents and videos to your existing Contacts, Accounts & Opportunities.\",\n            \"wrap\": true,\n            \"separator\": true\n        },\n        {\n            \"type\": \"TextBlock\",\n            \"text\": \"Another super useful command is **My Day**. This will show you your Outlook appointments for the current day - including helpful details like **Contact Record**, **Time & Location** as well as **Meeting Description**. \",\n            \"wrap\": true,\n            \"separator\": true\n        },\n        {\n            \"type\": \"TextBlock\",\n            \"text\": \"Finally, CRM Bot Community is **open for customisations**. You can extend every card you see and we are constantly on the lookout for new features. So if you have a cool idea that you'd like to see included, [**Please get in touch**](mailto:community@crmbot.ai).\",\n            \"wrap\": true,\n            \"separator\": true\n        }\n    ],\n    \"actions\": [\n        {\n                    \"type\": \"Action.Submit\",\n                    \"title\": \"Back to Help\",\n  \"data\": {\n    \"msteams\": {\n      \"type\": \"messageBack\",\n      \"displayText\": \"Help\",\n      \"text\": \"Help\"\n    }\n  }\n                },\n        {\n            \"type\": \"Action.OpenUrl\",\n            \"url\": \"https://docs.crmbot.ai/docs/\",\n            \"title\": \"View Quick Overview Video\"\n        }\n    ],\n    \"$schema\": \"http://adaptivecards.io/schemas/adaptive-card.json\",\n    \"version\": \"1.2\"\n}"},"authentication":"@parameters('$authentication')"}}},"outputs":{}}},"schemaVersion":"1.0.0.0"}