{"properties":{"connectionReferences":{"shared_bot-5fcrm-20bot-5fe0080d63112e52fa_1":{"runtimeSource":"embedded","connection":{},"api":{"name":"shared_bot-5fcrm-20bot-5fe0080d63112e52fa","logicalName":"bot_5Fcrm-20bot"}}},"definition":{"$schema":"https://schema.management.azure.com/providers/Microsoft.Logic/schemas/2016-06-01/workflowdefinition.json#","contentVersion":"1.0.0.0","parameters":{"$connections":{"defaultValue":{},"type":"Object"},"$authentication":{"defaultValue":{},"type":"SecureObject"}},"triggers":{"When_Intent_is_detected":{"type":"OpenApiConnectionWebhook","inputs":{"host":{"connectionName":"shared_bot-5fcrm-20bot-5fe0080d63112e52fa_1","operationId":"intent-detected","apiId":""},"parameters":{"body/intent":"Reaction","body/platform":"Unspecified"},"authentication":"@parameters('$authentication')"}}},"actions":{"Switch":{"runAfter":{},"cases":{"Heart":{"case":"heart","actions":{"React":{"actions":{"Build_Text_Response":{"runAfter":{},"type":"OpenApiConnection","inputs":{"host":{"connectionName":"shared_bot-5fcrm-20bot-5fe0080d63112e52fa_1","operationId":"build-text-message","apiId":"/providers/Microsoft.PowerApps/apis/shared_bot-5fcrm-20bot-5fe0080d63112e52fa"},"parameters":{"body/platform":"@triggerOutputs()?['body/Platform']","body/text":"Thanks! I ❤ working with you too!"},"authentication":"@parameters('$authentication')"}},"Send_Response":{"runAfter":{"Build_Text_Response":["Succeeded"]},"type":"OpenApiConnection","inputs":{"host":{"connectionName":"shared_bot-5fcrm-20bot-5fe0080d63112e52fa_1","operationId":"send-response","apiId":"/providers/Microsoft.PowerApps/apis/shared_bot-5fcrm-20bot-5fe0080d63112e52fa"},"parameters":{"body/sessionId":"@triggerOutputs()?['body/BotSessionId']","body/useGlossary":false,"body/targetLanguage":"en","body/webhookResponse/FulfillmentMessages":["@outputs('Build_Text_Response')?['body/message']"]},"authentication":"@parameters('$authentication')"}}},"runAfter":{},"type":"Scope"}}},"Case":{"case":"like","actions":{"React_2":{"actions":{"Build_Text_Response_2":{"runAfter":{},"type":"OpenApiConnection","inputs":{"host":{"connectionName":"shared_bot-5fcrm-20bot-5fe0080d63112e52fa_1","operationId":"build-text-message","apiId":"/providers/Microsoft.PowerApps/apis/shared_bot-5fcrm-20bot-5fe0080d63112e52fa"},"parameters":{"body/platform":"@triggerOutputs()?['body/Platform']","body/text":"I live to serve ✔👌👏"},"authentication":"@parameters('$authentication')"}},"Send_Response_2":{"runAfter":{"Build_Text_Response_2":["Succeeded"]},"type":"OpenApiConnection","inputs":{"host":{"connectionName":"shared_bot-5fcrm-20bot-5fe0080d63112e52fa_1","operationId":"send-response","apiId":"/providers/Microsoft.PowerApps/apis/shared_bot-5fcrm-20bot-5fe0080d63112e52fa"},"parameters":{"body/sessionId":"@triggerOutputs()?['body/BotSessionId']","body/useGlossary":false,"body/targetLanguage":"en","body/webhookResponse/FulfillmentMessages":["@outputs('Build_Text_Response_2')?['body/message']"]},"authentication":"@parameters('$authentication')"}}},"runAfter":{},"type":"Scope"}}},"Case_2":{"case":"laugh","actions":{"React_3":{"actions":{"Build_Text_Response_3":{"runAfter":{},"type":"OpenApiConnection","inputs":{"host":{"connectionName":"shared_bot-5fcrm-20bot-5fe0080d63112e52fa_1","operationId":"build-text-message","apiId":"/providers/Microsoft.PowerApps/apis/shared_bot-5fcrm-20bot-5fe0080d63112e52fa"},"parameters":{"body/platform":"@triggerOutputs()?['body/Platform']","body/text":"I'm not a funny bot, but I'll take it as a compliment 🤷‍♂️"},"authentication":"@parameters('$authentication')"}},"Send_Response_3":{"runAfter":{"Build_Text_Response_3":["Succeeded"]},"type":"OpenApiConnection","inputs":{"host":{"connectionName":"shared_bot-5fcrm-20bot-5fe0080d63112e52fa_1","operationId":"send-response","apiId":"/providers/Microsoft.PowerApps/apis/shared_bot-5fcrm-20bot-5fe0080d63112e52fa"},"parameters":{"body/sessionId":"@triggerOutputs()?['body/BotSessionId']","body/useGlossary":false,"body/targetLanguage":"en","body/webhookResponse/FulfillmentMessages":["@outputs('Build_Text_Response_3')?['body/message']"]},"authentication":"@parameters('$authentication')"}}},"runAfter":{},"type":"Scope"}}},"Case_3":{"case":"surprised","actions":{"React_4":{"actions":{"Build_Text_Response_4":{"runAfter":{},"type":"OpenApiConnection","inputs":{"host":{"connectionName":"shared_bot-5fcrm-20bot-5fe0080d63112e52fa_1","operationId":"build-text-message","apiId":"/providers/Microsoft.PowerApps/apis/shared_bot-5fcrm-20bot-5fe0080d63112e52fa"},"parameters":{"body/platform":"@triggerOutputs()?['body/Platform']","body/text":"Glad you find me useful 😎"},"authentication":"@parameters('$authentication')"}},"Send_Response_4":{"runAfter":{"Build_Text_Response_4":["Succeeded"]},"type":"OpenApiConnection","inputs":{"host":{"connectionName":"shared_bot-5fcrm-20bot-5fe0080d63112e52fa_1","operationId":"send-response","apiId":"/providers/Microsoft.PowerApps/apis/shared_bot-5fcrm-20bot-5fe0080d63112e52fa"},"parameters":{"body/sessionId":"@triggerOutputs()?['body/BotSessionId']","body/useGlossary":false,"body/targetLanguage":"en","body/webhookResponse/FulfillmentMessages":["@outputs('Build_Text_Response_4')?['body/message']"]},"authentication":"@parameters('$authentication')"}}},"runAfter":{},"type":"Scope"}}},"Case_4":{"case":"sad","actions":{"React_5":{"actions":{"Build_Text_Response_5":{"runAfter":{},"type":"OpenApiConnection","inputs":{"host":{"connectionName":"shared_bot-5fcrm-20bot-5fe0080d63112e52fa_1","operationId":"build-text-message","apiId":"/providers/Microsoft.PowerApps/apis/shared_bot-5fcrm-20bot-5fe0080d63112e52fa"},"parameters":{"body/platform":"@triggerOutputs()?['body/Platform']","body/text":"Don't be sad, it's just work you know 😁"},"authentication":"@parameters('$authentication')"}},"Send_Response_5":{"runAfter":{"Build_Text_Response_5":["Succeeded"]},"type":"OpenApiConnection","inputs":{"host":{"connectionName":"shared_bot-5fcrm-20bot-5fe0080d63112e52fa_1","operationId":"send-response","apiId":"/providers/Microsoft.PowerApps/apis/shared_bot-5fcrm-20bot-5fe0080d63112e52fa"},"parameters":{"body/sessionId":"@triggerOutputs()?['body/BotSessionId']","body/useGlossary":false,"body/targetLanguage":"en","body/webhookResponse/FulfillmentMessages":["@outputs('Build_Text_Response_5')?['body/message']"]},"authentication":"@parameters('$authentication')"}}},"runAfter":{},"type":"Scope"}}},"Case_5":{"case":"angry","actions":{"React_6":{"actions":{"Build_Text_Response_6":{"runAfter":{},"type":"OpenApiConnection","inputs":{"host":{"connectionName":"shared_bot-5fcrm-20bot-5fe0080d63112e52fa_1","operationId":"build-text-message","apiId":"/providers/Microsoft.PowerApps/apis/shared_bot-5fcrm-20bot-5fe0080d63112e52fa"},"parameters":{"body/platform":"@triggerOutputs()?['body/Platform']","body/text":"Oh? 🤨 Let's start again, shall we? 👏"},"authentication":"@parameters('$authentication')"}},"Send_Response_6":{"runAfter":{"Build_Text_Response_6":["Succeeded"]},"type":"OpenApiConnection","inputs":{"host":{"connectionName":"shared_bot-5fcrm-20bot-5fe0080d63112e52fa_1","operationId":"send-response","apiId":"/providers/Microsoft.PowerApps/apis/shared_bot-5fcrm-20bot-5fe0080d63112e52fa"},"parameters":{"body/sessionId":"@triggerOutputs()?['body/BotSessionId']","body/useGlossary":false,"body/targetLanguage":"en","body/webhookResponse/FulfillmentMessages":["@outputs('Build_Text_Response_6')?['body/message']"]},"authentication":"@parameters('$authentication')"}}},"runAfter":{},"type":"Scope"}}}},"default":{"actions":{}},"expression":"@triggerOutputs()?['body/Reaction']","type":"Switch"}},"outputs":{}}},"schemaVersion":"1.0.0.0"}