{"properties":{"connectionReferences":{"shared_bot-5fcrm-20bot-5fe0080d63112e52fa_1":{"runtimeSource":"embedded","connection":{},"api":{"name":"shared_bot-5fcrm-20bot-5fe0080d63112e52fa","logicalName":"bot_5Fcrm-20bot"}}},"definition":{"$schema":"https://schema.management.azure.com/providers/Microsoft.Logic/schemas/2016-06-01/workflowdefinition.json#","contentVersion":"1.0.0.0","parameters":{"$connections":{"defaultValue":{},"type":"Object"},"$authentication":{"defaultValue":{},"type":"SecureObject"}},"triggers":{"When_Intent_is_detected":{"type":"OpenApiConnectionWebhook","inputs":{"host":{"connectionName":"shared_bot-5fcrm-20bot-5fe0080d63112e52fa_1","operationId":"intent-detected","apiId":""},"parameters":{"body/intent":"Show Records","body/platform":"Unspecified"},"authentication":"@parameters('$authentication')"}}},"actions":{"Initialize_variable":{"runAfter":{},"type":"InitializeVariable","inputs":{"variables":[{"name":"entities","type":"string","value":"Accounts, Contacts, Opportunities, Leads"}]}},"Build_Quick_Reply_Response":{"runAfter":{"Initialize_variable":["Succeeded"]},"type":"OpenApiConnection","inputs":{"host":{"connectionName":"shared_bot-5fcrm-20bot-5fe0080d63112e52fa_1","operationId":"build-quickreplies-message","apiId":""},"parameters":{"body/platform":"@triggerOutputs()?['body/Platform']","body/title":"What records would you like to see?","body/text":"@variables('entities')"},"authentication":"@parameters('$authentication')"}},"Send_Response":{"runAfter":{"Build_Quick_Reply_Response":["Succeeded"]},"type":"OpenApiConnection","inputs":{"host":{"connectionName":"shared_bot-5fcrm-20bot-5fe0080d63112e52fa_1","operationId":"send-response","apiId":""},"parameters":{"body/sessionId":"@triggerOutputs()?['body/BotSessionId']","body/useGlossary":false,"body/targetLanguage":"@triggerOutputs()?['body/Language']","body/webhookResponse/FulfillmentMessages":["@outputs('Build_Quick_Reply_Response')?['body/message']"]},"authentication":"@parameters('$authentication')"}}},"outputs":{}}},"schemaVersion":"1.0.0.0"}