{"properties":{"connectionReferences":{"shared_commondataserviceforapps_1":{"runtimeSource":"embedded","connection":{},"api":{"name":"shared_commondataserviceforapps"}},"shared_bot-5fcrm-20bot-5fe0080d63112e52fa":{"runtimeSource":"embedded","connection":{},"api":{"name":"shared_bot-5fcrm-20bot-5fe0080d63112e52fa","logicalName":"bot_5Fcrm-20bot"}}},"definition":{"$schema":"https://schema.management.azure.com/providers/Microsoft.Logic/schemas/2016-06-01/workflowdefinition.json#","contentVersion":"1.0.0.0","parameters":{"$connections":{"defaultValue":{},"type":"Object"},"$authentication":{"defaultValue":{},"type":"SecureObject"}},"triggers":{"When_Intent_is_detected":{"type":"OpenApiConnectionWebhook","inputs":{"host":{"connectionName":"shared_bot-5fcrm-20bot-5fe0080d63112e52fa","operationId":"intent-detected","apiId":""},"parameters":{"body/intent":"Show Entity","body/platform":"Unspecified"},"authentication":"@parameters('$authentication')"}}},"actions":{"Entity":{"runAfter":{"\"Loop\"_through_users":["Succeeded"]},"cases":{"Accounts":{"case":"Accounts","actions":{"List_Records":{"runAfter":{},"type":"OpenApiConnection","inputs":{"host":{"connectionName":"shared_commondataserviceforapps_1","operationId":"ListRecords","apiId":"/providers/Microsoft.PowerApps/apis/shared_commondataserviceforapps"},"parameters":{"entityName":"accounts","fetchXml":"<fetch version=\"1.0\" output-format=\"xml-platform\" mapping=\"logical\" distinct=\"true\">\n  <entity name=\"account\">\n<attribute name=\"accountid\" />\n<attribute name=\"name\" />\n<attribute name=\"modifiedon\" />\n<order attribute= \"modifiedon\" descending=\"true\" />\n    <filter type=\"and\">\n      <condition attribute=\"ownerid\" operator=\"eq\" value=\"@{variables('Owner GUID')}\" />\n<condition attribute=\"statecode\" operator=\"eq\" value=\"0\" />\n    </filter>\n  </entity>\n</fetch>","$top":6},"authentication":"@parameters('$authentication')"}},"Find_and_Show_Records":{"actions":{"For_each_found_result_2":{"foreach":"@outputs('List_Records')?['body/value']","actions":{"Append_to_string_variable_2":{"runAfter":{},"type":"AppendToStringVariable","inputs":{"name":"actions","value":"{\n                        \"type\": \"Action.Submit\",\n                        \"title\": \"@{items('For_each_found_result_2')?['name']}\",\n                        \"data\": {\n                            \"msteams\": {\n                                \"type\": \"messageBack\",\n                                \"displayText\": \"@{items('For_each_found_result_2')?['name']}\",\n                                \"text\": \"Show specific Accounts @{items('For_each_found_result_2')?['accountid']}\"\n                            }\n                        }\n                    },"}}},"runAfter":{},"type":"Foreach","runtimeConfiguration":{"concurrency":{"repetitions":10}}},"Delete_last_comma_from_the_string_array_2":{"runAfter":{"For_each_found_result_2":["Succeeded"]},"type":"Compose","inputs":"@substring(variables('actions'), 0, add(length(variables('actions')), -1))"},"Build_Adaptive_Card_Response_2":{"runAfter":{"Append_to_string_variable_6":["Succeeded","Skipped"]},"type":"OpenApiConnection","inputs":{"host":{"connectionName":"shared_bot-5fcrm-20bot-5fe0080d63112e52fa","operationId":"build-custom-message","apiId":"/providers/Microsoft.PowerApps/apis/shared_bot-5fcrm-20bot-5fe0080d63112e52fa"},"parameters":{"body/platform":"@triggerOutputs()?['body/Platform']","body/text":"{\n    \"type\": \"AdaptiveCard\",\n    \"$schema\": \"http://adaptivecards.io/schemas/adaptive-card.json\",\n    \"version\": \"1.2\",\n    \"body\": [\n        {\n            \"type\": \"Container\",\n            \"items\": [\n                {\n                    \"type\": \"TextBlock\",\n                    \"text\": \"Here are your results. Remember, there are can only be six cards displayed at one time. You can revise your search to be more specific.\",\n\"wrap\":\"true\"\n                },\n                {\n                    \"type\": \"ActionSet\",\n                    \"actions\": [\n                      @{variables('actions')}\n                    ]\n                }\n            ]\n        }\n    ]\n}"},"authentication":"@parameters('$authentication')"}},"Send_Response_2":{"runAfter":{"Build_Adaptive_Card_Response_2":["Succeeded"]},"type":"OpenApiConnection","inputs":{"host":{"connectionName":"shared_bot-5fcrm-20bot-5fe0080d63112e52fa","operationId":"send-response","apiId":"/providers/Microsoft.PowerApps/apis/shared_bot-5fcrm-20bot-5fe0080d63112e52fa"},"parameters":{"body/sessionId":"@triggerOutputs()?['body/BotSessionId']","body/useGlossary":false,"body/targetLanguage":"en","body/webhookResponse/FulfillmentMessages":["@outputs('Build_Adaptive_Card_Response_2')?['body/message']"]},"authentication":"@parameters('$authentication')"}},"Append_to_string_variable_6":{"runAfter":{"Set_Actions":["Failed","Skipped"]},"type":"AppendToStringVariable","inputs":{"name":"actions","value":{"type":"Action.Submit","title":"No records found.","data":{"msteams":{"type":"messageBack","displayText":"Hi","text":"Hi"}}}}},"Set_Actions":{"runAfter":{"Delete_last_comma_from_the_string_array_2":["Succeeded"]},"type":"SetVariable","inputs":{"name":"actions","value":"@{outputs('Delete_last_comma_from_the_string_array_2')}"}}},"runAfter":{"List_Records":["Succeeded"]},"type":"Scope"}}},"Contacts":{"case":"Contacts","actions":{"List_Records_2":{"runAfter":{},"type":"OpenApiConnection","inputs":{"host":{"connectionName":"shared_commondataserviceforapps_1","operationId":"ListRecords","apiId":"/providers/Microsoft.PowerApps/apis/shared_commondataserviceforapps"},"parameters":{"entityName":"contacts","fetchXml":"<fetch version=\"1.0\" output-format=\"xml-platform\" mapping=\"logical\" distinct=\"true\">\n  <entity name=\"contact\">\n<attribute name=\"contactid\" />\n<attribute name=\"fullname\" />\n<attribute name=\"modifiedon\" />\n<order attribute= \"modifiedon\" descending=\"true\" />\n    <filter type=\"and\">\n      <condition attribute=\"ownerid\" operator=\"eq\" value=\"@{variables('Owner GUID')}\" />\n<condition attribute=\"statecode\" operator=\"eq\" value=\"0\" />\n    </filter>\n  </entity>\n</fetch>","$top":6},"authentication":"@parameters('$authentication')"}},"Find_and_Show_Records_2":{"actions":{"For_each_found_result":{"foreach":"@outputs('List_Records_2')?['body/value']","actions":{"Append_to_string_variable":{"runAfter":{},"type":"AppendToStringVariable","inputs":{"name":"actions","value":"{\n                        \"type\": \"Action.Submit\",\n                        \"title\": \"@{items('For_each_found_result')?['fullname']}\",\n                        \"data\": {\n                            \"msteams\": {\n                                \"type\": \"messageBack\",\n                                \"displayText\": \"@{items('For_each_found_result')?['fullname']}\",\n                                \"text\": \"Show specific Contacts @{items('For_each_found_result')?['contactid']} \"\n                            }\n                        }\n                    },"}}},"runAfter":{},"type":"Foreach","runtimeConfiguration":{"concurrency":{"repetitions":10}}},"Delete_last_comma_from_the_string_array":{"runAfter":{"For_each_found_result":["Succeeded"]},"type":"Compose","inputs":"@substring(variables('actions'), 0, add(length(variables('actions')), -1))"},"Build_Adaptive_Card_Response":{"runAfter":{"Append_to_string_variable_7":["Succeeded","Skipped"]},"type":"OpenApiConnection","inputs":{"host":{"connectionName":"shared_bot-5fcrm-20bot-5fe0080d63112e52fa","operationId":"build-custom-message","apiId":"/providers/Microsoft.PowerApps/apis/shared_bot-5fcrm-20bot-5fe0080d63112e52fa"},"parameters":{"body/platform":"@triggerOutputs()?['body/Platform']","body/text":"{\n    \"type\": \"AdaptiveCard\",\n    \"$schema\": \"http://adaptivecards.io/schemas/adaptive-card.json\",\n    \"version\": \"1.2\",\n    \"body\": [\n        {\n            \"type\": \"Container\",\n            \"items\": [\n                {\n                    \"type\": \"TextBlock\",\n                   \"text\": \"Here are your results. Remember, there are can only be six cards displayed at one time. You can revise your search to be more specific.\",\n\"wrap\":\"true\"\n                },\n                {\n                    \"type\": \"ActionSet\",\n                    \"actions\": [\n                      @{variables('actions')}\n                    ]\n                }\n            ]\n        }\n    ]\n}"},"authentication":"@parameters('$authentication')"}},"Send_Response":{"runAfter":{"Build_Adaptive_Card_Response":["Succeeded"]},"type":"OpenApiConnection","inputs":{"host":{"connectionName":"shared_bot-5fcrm-20bot-5fe0080d63112e52fa","operationId":"send-response","apiId":"/providers/Microsoft.PowerApps/apis/shared_bot-5fcrm-20bot-5fe0080d63112e52fa"},"parameters":{"body/sessionId":"@triggerOutputs()?['body/BotSessionId']","body/useGlossary":false,"body/targetLanguage":"en","body/webhookResponse/FulfillmentMessages":["@outputs('Build_Adaptive_Card_Response')?['body/message']"]},"authentication":"@parameters('$authentication')"}},"Append_to_string_variable_7":{"runAfter":{"Set_Actions_2":["Skipped","Failed"]},"type":"AppendToStringVariable","inputs":{"name":"actions","value":{"type":"Action.Submit","title":"No records found.","data":{"msteams":{"type":"messageBack","displayText":"Hi","text":"Hi"}}}}},"Set_Actions_2":{"runAfter":{"Delete_last_comma_from_the_string_array":["Succeeded"]},"type":"SetVariable","inputs":{"name":"actions","value":"@{outputs('Delete_last_comma_from_the_string_array')}"}}},"runAfter":{"List_Records_2":["Succeeded"]},"type":"Scope"}}},"Opportunities":{"case":"Opportunities","actions":{"List_Records_3":{"runAfter":{},"type":"OpenApiConnection","inputs":{"host":{"connectionName":"shared_commondataserviceforapps_1","operationId":"ListRecords","apiId":"/providers/Microsoft.PowerApps/apis/shared_commondataserviceforapps"},"parameters":{"entityName":"opportunities","fetchXml":"<fetch version=\"1.0\" output-format=\"xml-platform\" mapping=\"logical\" distinct=\"true\">\n  <entity name=\"opportunity\">\n<attribute name=\"opportunityid\" />\n<attribute name=\"name\" />\n<attribute name=\"modifiedon\" />\n<order attribute= \"modifiedon\" descending=\"true\" />\n    <filter type=\"and\">\n      <condition attribute=\"ownerid\" operator=\"eq\" value=\"@{variables('Owner GUID')}\" />\n<condition attribute=\"statecode\" operator=\"eq\" value=\"0\" />\n    </filter>\n  </entity>\n</fetch>","$top":6},"authentication":"@parameters('$authentication')"}},"Find_and_Show_Records_3":{"actions":{"For_each_found_result_3":{"foreach":"@outputs('List_Records_3')?['body/value']","actions":{"Append_to_string_variable_3":{"runAfter":{},"type":"AppendToStringVariable","inputs":{"name":"actions","value":"{\n                        \"type\": \"Action.Submit\",\n                        \"title\": \"@{items('For_each_found_result_3')?['name']}\",\n                        \"data\": {\n                            \"msteams\": {\n                                \"type\": \"messageBack\",\n                                \"displayText\": \"@{items('For_each_found_result_3')?['name']}\",\n                                \"text\": \"Show specific Opportunities @{items('For_each_found_result_3')?['opportunityid']}\"\n                            }\n                        }\n                    },"}}},"runAfter":{},"type":"Foreach","runtimeConfiguration":{"concurrency":{"repetitions":10}}},"Delete_last_comma_from_the_string_array_3":{"runAfter":{"For_each_found_result_3":["Succeeded"]},"type":"Compose","inputs":"@substring(variables('actions'), 0, add(length(variables('actions')), -1))"},"Build_Adaptive_Card_Response_3":{"runAfter":{"Append_to_string_variable_8":["Succeeded","Skipped"]},"type":"OpenApiConnection","inputs":{"host":{"connectionName":"shared_bot-5fcrm-20bot-5fe0080d63112e52fa","operationId":"build-custom-message","apiId":"/providers/Microsoft.PowerApps/apis/shared_bot-5fcrm-20bot-5fe0080d63112e52fa"},"parameters":{"body/platform":"@triggerOutputs()?['body/Platform']","body/text":"{\n    \"type\": \"AdaptiveCard\",\n    \"$schema\": \"http://adaptivecards.io/schemas/adaptive-card.json\",\n    \"version\": \"1.2\",\n    \"body\": [\n        {\n            \"type\": \"Container\",\n            \"items\": [\n                {\n                    \"type\": \"TextBlock\",\n               \"text\": \"Here are your results. Remember, there are can only be six cards displayed at one time. You can revise your search to be more specific.\",\n\"wrap\":\"true\"\n                },\n                {\n                    \"type\": \"ActionSet\",\n                    \"actions\": [\n                      @{variables('actions')}\n                    ]\n                }\n            ]\n        }\n    ]\n}"},"authentication":"@parameters('$authentication')"}},"Send_Response_3":{"runAfter":{"Build_Adaptive_Card_Response_3":["Succeeded"]},"type":"OpenApiConnection","inputs":{"host":{"connectionName":"shared_bot-5fcrm-20bot-5fe0080d63112e52fa","operationId":"send-response","apiId":"/providers/Microsoft.PowerApps/apis/shared_bot-5fcrm-20bot-5fe0080d63112e52fa"},"parameters":{"body/sessionId":"@triggerOutputs()?['body/BotSessionId']","body/useGlossary":false,"body/targetLanguage":"en","body/webhookResponse/FulfillmentMessages":["@outputs('Build_Adaptive_Card_Response_3')?['body/message']"]},"authentication":"@parameters('$authentication')"}},"Append_to_string_variable_8":{"runAfter":{"Set_Actions_3":["Failed","Skipped"]},"type":"AppendToStringVariable","inputs":{"name":"actions","value":{"type":"Action.Submit","title":"No records found.","data":{"msteams":{"type":"messageBack","displayText":"Hi","text":"Hi"}}}}},"Set_Actions_3":{"runAfter":{"Delete_last_comma_from_the_string_array_3":["Succeeded"]},"type":"SetVariable","inputs":{"name":"actions","value":"@{outputs('Delete_last_comma_from_the_string_array_3')}"}}},"runAfter":{"List_Records_3":["Succeeded"]},"type":"Scope"}}},"Products":{"case":"Products","actions":{"List_records_4":{"runAfter":{},"type":"OpenApiConnection","inputs":{"host":{"connectionName":"shared_commondataserviceforapps_1","operationId":"ListRecords","apiId":"/providers/Microsoft.PowerApps/apis/shared_commondataserviceforapps"},"parameters":{"entityName":"products","fetchXml":"<fetch version=\"1.0\" output-format=\"xml-platform\" mapping=\"logical\" distinct=\"false\" >\n  <entity name=\"product\" >\n    <order attribute=\"modifiedon\" descending=\"true\" />\n    <filter type=\"and\" >\n      <condition attribute=\"statecode\" operator=\"eq\" value=\"0\" />\n    </filter>\n  </entity>\n</fetch>","$top":6},"authentication":"@parameters('$authentication')"}},"Find_and_Show_Records_4":{"actions":{"For_each_found_result_4":{"foreach":"@outputs('List_records_4')?['body/value']","actions":{"Append_to_string_variable_4":{"runAfter":{},"type":"AppendToStringVariable","inputs":{"name":"actions","value":"{\n                        \"type\": \"Action.Submit\",\n                        \"title\": \"@{items('For_each_found_result_4')?['name']}\",\n                        \"data\": {\n                            \"msteams\": {\n                                \"type\": \"messageBack\",\n                                \"displayText\": \"@{items('For_each_found_result_4')?['name']}\",\n                                \"text\": \"Show Specific products @{items('For_each_found_result_4')?['productid']} \"\n                            }\n                        }\n                    },"}}},"runAfter":{},"type":"Foreach"},"Delete_last_comma_from_the_string_array_4":{"runAfter":{"For_each_found_result_4":["Succeeded"]},"type":"Compose","inputs":"@substring(variables('actions'), 0, add(length(variables('actions')), -1))"},"Build_Adaptive_Card_Response_4":{"runAfter":{"Append_to_string_variable_9":["Succeeded","Skipped"]},"type":"OpenApiConnection","inputs":{"host":{"connectionName":"shared_bot-5fcrm-20bot-5fe0080d63112e52fa","operationId":"build-custom-message","apiId":"/providers/Microsoft.PowerApps/apis/shared_bot-5fcrm-20bot-5fe0080d63112e52fa"},"parameters":{"body/platform":"@triggerOutputs()?['body/Platform']","body/text":"{\n    \"type\": \"AdaptiveCard\",\n    \"$schema\": \"http://adaptivecards.io/schemas/adaptive-card.json\",\n    \"version\": \"1.2\",\n    \"body\": [\n        {\n            \"type\": \"Container\",\n            \"items\": [\n                {\n                    \"type\": \"TextBlock\",\n                \"text\": \"Here are your results. Remember, there are can only be six cards displayed at one time. You can revise your search to be more specific.\",\n\"wrap\":\"true\"\n                },\n                {\n                    \"type\": \"ActionSet\",\n                    \"actions\": [\n                      @{variables('actions')}\n                    ]\n                }\n            ]\n        }\n    ]\n}"},"authentication":"@parameters('$authentication')"}},"Send_Response_4":{"runAfter":{"Build_Adaptive_Card_Response_4":["Succeeded"]},"type":"OpenApiConnection","inputs":{"host":{"connectionName":"shared_bot-5fcrm-20bot-5fe0080d63112e52fa","operationId":"send-response","apiId":"/providers/Microsoft.PowerApps/apis/shared_bot-5fcrm-20bot-5fe0080d63112e52fa"},"parameters":{"body/sessionId":"@triggerOutputs()?['body/BotSessionId']","body/useGlossary":false,"body/targetLanguage":"en","body/webhookResponse/FulfillmentMessages":["@outputs('Build_Adaptive_Card_Response_4')?['body/message']"]},"authentication":"@parameters('$authentication')"}},"Append_to_string_variable_9":{"runAfter":{"Set_Actions_4":["Failed","Skipped"]},"type":"AppendToStringVariable","inputs":{"name":"actions","value":{"type":"Action.Submit","title":"No records found.","data":{"msteams":{"type":"messageBack","displayText":"Hi","text":"Hi"}}}}},"Set_Actions_4":{"runAfter":{"Delete_last_comma_from_the_string_array_4":["Succeeded"]},"type":"SetVariable","inputs":{"name":"actions","value":"@{outputs('Delete_last_comma_from_the_string_array_4')}"}}},"runAfter":{"List_records_4":["Succeeded"]},"type":"Scope"}}},"Leads":{"case":"Leads","actions":{"List_Records_5":{"runAfter":{},"type":"OpenApiConnection","inputs":{"host":{"connectionName":"shared_commondataserviceforapps_1","operationId":"ListRecords","apiId":"/providers/Microsoft.PowerApps/apis/shared_commondataserviceforapps"},"parameters":{"entityName":"leads","fetchXml":"<fetch version=\"1.0\" output-format=\"xml-platform\" mapping=\"logical\" distinct=\"true\">\n  <entity name=\"lead\">\n<attribute name=\"leadid\" />\n<attribute name=\"subject\" />\n<attribute name=\"modifiedon\" />\n<order attribute= \"modifiedon\" descending=\"true\" />\n    <filter type=\"and\">\n      <condition attribute=\"ownerid\" operator=\"eq\" value=\"@{variables('Owner GUID')}\" />\n<condition attribute=\"statecode\" operator=\"eq\" value=\"0\" />\n    </filter>\n  </entity>\n</fetch>","$top":6},"authentication":"@parameters('$authentication')"}},"Find_and_Show_Records_5":{"actions":{"For_each_found_result_5":{"foreach":"@outputs('List_Records_5')?['body/value']","actions":{"Append_to_string_variable_5":{"runAfter":{},"type":"AppendToStringVariable","inputs":{"name":"actions","value":"{\n                        \"type\": \"Action.Submit\",\n                        \"title\": \"@{items('For_each_found_result_5')?['subject']}\",\n                        \"data\": {\n                            \"msteams\": {\n                                \"type\": \"messageBack\",\n                                \"displayText\": \"@{items('For_each_found_result_5')?['subject']}\",\n                                \"text\": \"Show specific Leads @{items('For_each_found_result_5')?['leadid']}\"\n                            }\n                        }\n                    },"}}},"runAfter":{},"type":"Foreach","runtimeConfiguration":{"concurrency":{"repetitions":10}}},"Delete_last_comma_from_the_string_array_5":{"runAfter":{"For_each_found_result_5":["Succeeded"]},"type":"Compose","inputs":"@substring(variables('actions'), 0, add(length(variables('actions')), -1))"},"Build_Adaptive_Card_Response_5":{"runAfter":{"Append_to_string_variable_10":["Succeeded","Skipped"]},"type":"OpenApiConnection","inputs":{"host":{"connectionName":"shared_bot-5fcrm-20bot-5fe0080d63112e52fa","operationId":"build-custom-message","apiId":"/providers/Microsoft.PowerApps/apis/shared_bot-5fcrm-20bot-5fe0080d63112e52fa"},"parameters":{"body/platform":"@triggerOutputs()?['body/Platform']","body/text":"{\n    \"type\": \"AdaptiveCard\",\n    \"$schema\": \"http://adaptivecards.io/schemas/adaptive-card.json\",\n    \"version\": \"1.2\",\n    \"body\": [\n        {\n            \"type\": \"Container\",\n            \"items\": [\n                {\n                    \"type\": \"TextBlock\",\n               \"text\": \"Here are your results. Remember, there are can only be six cards displayed at one time. You can revise your search to be more specific.\",\n\"wrap\":\"true\"\n                },\n                {\n                    \"type\": \"ActionSet\",\n                    \"actions\": [\n                      @{variables('actions')}\n                    ]\n                }\n            ]\n        }\n    ]\n}"},"authentication":"@parameters('$authentication')"}},"Send_Response_5":{"runAfter":{"Build_Adaptive_Card_Response_5":["Succeeded"]},"type":"OpenApiConnection","inputs":{"host":{"connectionName":"shared_bot-5fcrm-20bot-5fe0080d63112e52fa","operationId":"send-response","apiId":"/providers/Microsoft.PowerApps/apis/shared_bot-5fcrm-20bot-5fe0080d63112e52fa"},"parameters":{"body/sessionId":"@triggerOutputs()?['body/BotSessionId']","body/useGlossary":false,"body/targetLanguage":"en","body/webhookResponse/FulfillmentMessages":["@outputs('Build_Adaptive_Card_Response_5')?['body/message']"]},"authentication":"@parameters('$authentication')"}},"Append_to_string_variable_10":{"runAfter":{"Set_Actions_5":["Failed","Skipped"]},"type":"AppendToStringVariable","inputs":{"name":"actions","value":{"type":"Action.Submit","title":"No records found.","data":{"msteams":{"type":"messageBack","displayText":"Hi","text":"Hi"}}}}},"Set_Actions_5":{"runAfter":{"Delete_last_comma_from_the_string_array_5":["Succeeded"]},"type":"SetVariable","inputs":{"name":"actions","value":"@{outputs('Delete_last_comma_from_the_string_array_5')}"}}},"runAfter":{"List_Records_5":["Succeeded"]},"type":"Scope"}}}},"default":{"actions":{}},"expression":"@triggerOutputs()?['body/entity']","type":"Switch"},"\"Loop\"_through_users":{"foreach":"@outputs('List_Users')?['body/value']","actions":{"Set_Owner_to_authenthicated_user":{"runAfter":{},"type":"SetVariable","inputs":{"name":"Owner GUID","value":"@items('\"Loop\"_through_users')?['systemuserid']"}}},"runAfter":{"List_Users":["Succeeded"]},"type":"Foreach"},"Start_Owner_GUID":{"runAfter":{"Start_Actions":["Succeeded"]},"type":"InitializeVariable","inputs":{"variables":[{"name":"Owner GUID","type":"string"}]}},"List_Users":{"runAfter":{"Start_Owner_GUID":["Succeeded"]},"type":"OpenApiConnection","inputs":{"host":{"connectionName":"shared_commondataserviceforapps_1","operationId":"ListRecords","apiId":"/providers/Microsoft.PowerApps/apis/shared_commondataserviceforapps"},"parameters":{"entityName":"systemusers","fetchXml":"<fetch version=\"1.0\" output-format=\"xml-platform\" mapping=\"logical\" distinct=\"false\">\n  <entity name=\"systemuser\">\n    <filter type=\"and\">\n      <condition attribute=\"azureactivedirectoryobjectid\" operator=\"eq\" value=\"@{triggerOutputs()?['body/UserId']}\" />\n    </filter>\n  </entity>\n</fetch>","$top":1},"authentication":"@parameters('$authentication')"}},"Start_Actions":{"runAfter":{},"type":"InitializeVariable","inputs":{"variables":[{"name":"actions","type":"string"}]}}},"outputs":{}}},"schemaVersion":"1.0.0.0"}