<ImportExportXml version="9.1.0.18940" SolutionPackageVersion="9.1" languagecode="1033" generatedBy="CrmLive" xmlns:xsi="http://www.w3.org/2001/XMLSchema-instance">
  <SolutionManifest>
    <UniqueName>CRMBot</UniqueName>
    <LocalizedNames>
      <LocalizedName description="CRM Bot Community" languagecode="1033" />
    </LocalizedNames>
    <Descriptions />
    <Version>1.0.0.12</Version>
    <Managed>1</Managed>
    <Publisher>
      <UniqueName>crmbot</UniqueName>
      <LocalizedNames>
        <LocalizedName description="CRMBot" languagecode="1033" />
      </LocalizedNames>
      <Descriptions>
        <Description description="CRMBot.ai" languagecode="1033" />
      </Descriptions>
      <EMailAddress>sales@crmbot.com</EMailAddress>
      <SupportingWebsiteUrl>https://www.crmbot.com</SupportingWebsiteUrl>
      <CustomizationPrefix>bot</CustomizationPrefix>
      <CustomizationOptionValuePrefix>18053</CustomizationOptionValuePrefix>
      <Addresses>
        <Address>
          <AddressNumber>1</AddressNumber>
          <AddressTypeCode>1</AddressTypeCode>
          <City xsi:nil="true"></City>
          <County xsi:nil="true"></County>
          <Country xsi:nil="true"></Country>
          <Fax xsi:nil="true"></Fax>
          <FreightTermsCode xsi:nil="true"></FreightTermsCode>
          <ImportSequenceNumber xsi:nil="true"></ImportSequenceNumber>
          <Latitude xsi:nil="true"></Latitude>
          <Line1 xsi:nil="true"></Line1>
          <Line2 xsi:nil="true"></Line2>
          <Line3 xsi:nil="true"></Line3>
          <Longitude xsi:nil="true"></Longitude>
          <Name xsi:nil="true"></Name>
          <PostalCode xsi:nil="true"></PostalCode>
          <PostOfficeBox xsi:nil="true"></PostOfficeBox>
          <PrimaryContactName xsi:nil="true"></PrimaryContactName>
          <ShippingMethodCode>1</ShippingMethodCode>
          <StateOrProvince xsi:nil="true"></StateOrProvince>
          <Telephone1 xsi:nil="true"></Telephone1>
          <Telephone2 xsi:nil="true"></Telephone2>
          <Telephone3 xsi:nil="true"></Telephone3>
          <TimeZoneRuleVersionNumber xsi:nil="true"></TimeZoneRuleVersionNumber>
          <UPSZone xsi:nil="true"></UPSZone>
          <UTCOffset xsi:nil="true"></UTCOffset>
          <UTCConversionTimeZoneCode xsi:nil="true"></UTCConversionTimeZoneCode>
        </Address>
        <Address>
          <AddressNumber>2</AddressNumber>
          <AddressTypeCode>1</AddressTypeCode>
          <City xsi:nil="true"></City>
          <County xsi:nil="true"></County>
          <Country xsi:nil="true"></Country>
          <Fax xsi:nil="true"></Fax>
          <FreightTermsCode xsi:nil="true"></FreightTermsCode>
          <ImportSequenceNumber xsi:nil="true"></ImportSequenceNumber>
          <Latitude xsi:nil="true"></Latitude>
          <Line1 xsi:nil="true"></Line1>
          <Line2 xsi:nil="true"></Line2>
          <Line3 xsi:nil="true"></Line3>
          <Longitude xsi:nil="true"></Longitude>
          <Name xsi:nil="true"></Name>
          <PostalCode xsi:nil="true"></PostalCode>
          <PostOfficeBox xsi:nil="true"></PostOfficeBox>
          <PrimaryContactName xsi:nil="true"></PrimaryContactName>
          <ShippingMethodCode>1</ShippingMethodCode>
          <StateOrProvince xsi:nil="true"></StateOrProvince>
          <Telephone1 xsi:nil="true"></Telephone1>
          <Telephone2 xsi:nil="true"></Telephone2>
          <Telephone3 xsi:nil="true"></Telephone3>
          <TimeZoneRuleVersionNumber xsi:nil="true"></TimeZoneRuleVersionNumber>
          <UPSZone xsi:nil="true"></UPSZone>
          <UTCOffset xsi:nil="true"></UTCOffset>
          <UTCConversionTimeZoneCode xsi:nil="true"></UTCConversionTimeZoneCode>
        </Address>
      </Addresses>
    </Publisher>
    <RootComponents>
      <RootComponent type="29" id="{1e433319-5483-ea11-a811-000d3a86b9ef}" behavior="0" />
      <RootComponent type="29" id="{20bc508d-999f-ea11-a812-0022480069c4}" behavior="0" />
      <RootComponent type="29" id="{24ff31f3-ebae-ea11-a812-0022480069c4}" behavior="0" />
      <RootComponent type="29" id="{2de5148c-0283-ea11-a811-000d3a86b9ef}" behavior="0" />
      <RootComponent type="29" id="{3bf643b0-4bb1-ea11-a812-0022480069c4}" behavior="0" />
      <RootComponent type="29" id="{40d786b7-7fb1-ea11-a812-0022480069c4}" behavior="0" />
      <RootComponent type="29" id="{41d786b7-7fb1-ea11-a812-0022480069c4}" behavior="0" />
      <RootComponent type="29" id="{42d786b7-7fb1-ea11-a812-0022480069c4}" behavior="0" />
      <RootComponent type="29" id="{43d786b7-7fb1-ea11-a812-0022480069c4}" behavior="0" />
      <RootComponent type="29" id="{6b95cc11-d0a8-ea11-a812-0022480069c4}" behavior="0" />
      <RootComponent type="29" id="{80a79934-4382-ea11-a811-000d3a86b9ef}" behavior="0" />
      <RootComponent type="29" id="{81d89d41-98a1-ea11-a812-0022480069c4}" behavior="0" />
      <RootComponent type="29" id="{853ccef3-06ab-ea11-a812-0022480069c4}" behavior="0" />
      <RootComponent type="29" id="{97bd9d2b-7a81-ea11-a811-000d3a86b9ef}" behavior="0" />
      <RootComponent type="29" id="{ba7c92c6-99a9-ea11-a812-0022480069c4}" behavior="0" />
      <RootComponent type="29" id="{bcf70be8-fcab-ea11-a812-0022480069c4}" behavior="0" />
      <RootComponent type="29" id="{bd467c9d-f6ae-ea11-a812-0022480069c4}" behavior="0" />
      <RootComponent type="29" id="{be467c9d-f6ae-ea11-a812-0022480069c4}" behavior="0" />
      <RootComponent type="29" id="{c0467c9d-f6ae-ea11-a812-0022480069c4}" behavior="0" />
      <RootComponent type="29" id="{d24eb14c-3ea6-ea11-a812-0022480069c4}" behavior="0" />
      <RootComponent type="29" id="{d9c44385-8dad-ea11-a812-0022480069c4}" behavior="0" />
      <RootComponent type="29" id="{e9e8e160-4f83-ea11-a811-000d3a86b9ef}" behavior="0" />
      <RootComponent type="29" id="{f3d74662-4da4-ea11-a812-0022480069c4}" behavior="0" />
      <RootComponent type="29" id="{fd1188b1-c692-ea11-a812-000d3a86b9ef}" behavior="0" />
      <RootComponent type="372" id="{01ac14c9-ffd7-4eb7-b1e2-d3ab3d15a2bc}" schemaName="bot_5Fcrm-20bot" behavior="0" />
    </RootComponents>
    <MissingDependencies>
      <MissingDependency>
        <Required key="0" type="1" schemaName="opportunity" displayName="Opportunity" solution="msdynce_Sales (9.0.4.0076)" />
        <Dependent key="1" type="29" displayName="Show related entity" id="{80a79934-4382-ea11-a811-000d3a86b9ef}" />
      </MissingDependency>
      <MissingDependency>
        <Required key="2" type="1" schemaName="lead" displayName="Lead" solution="msdynce_LeadManagement (9.0.4.0066)" />
        <Dependent key="3" type="29" displayName="Show an Entity" id="{d24eb14c-3ea6-ea11-a812-0022480069c4}" />
      </MissingDependency>
      <MissingDependency>
        <Required key="0" type="1" schemaName="opportunity" displayName="Opportunity" solution="msdynce_Sales (9.0.4.0076)" />
        <Dependent key="3" type="29" displayName="Show an Entity" id="{d24eb14c-3ea6-ea11-a812-0022480069c4}" />
      </MissingDependency>
      <MissingDependency>
        <Required key="4" type="1" schemaName="product" displayName="Product" solution="msdynce_ProductManagement (9.0.4.0066)" />
        <Dependent key="3" type="29" displayName="Show an Entity" id="{d24eb14c-3ea6-ea11-a812-0022480069c4}" />
      </MissingDependency>
      <MissingDependency>
        <Required key="4" type="1" schemaName="product" displayName="Product" solution="msdynce_ProductManagement (9.0.4.0066)" />
        <Dependent key="5" type="29" displayName="Search Entity" id="{20bc508d-999f-ea11-a812-0022480069c4}" />
      </MissingDependency>
      <MissingDependency>
        <Required key="0" type="1" schemaName="opportunity" displayName="Opportunity" solution="msdynce_Sales (9.0.4.0076)" />
        <Dependent key="5" type="29" displayName="Search Entity" id="{20bc508d-999f-ea11-a812-0022480069c4}" />
      </MissingDependency>
      <MissingDependency>
        <Required key="2" type="1" schemaName="lead" displayName="Lead" solution="msdynce_LeadManagement (9.0.4.0066)" />
        <Dependent key="5" type="29" displayName="Search Entity" id="{20bc508d-999f-ea11-a812-0022480069c4}" />
      </MissingDependency>
    </MissingDependencies>
  </SolutionManifest>
</ImportExportXml>