{"properties":{"connectionReferences":{"shared_bot-5fcrm-20bot-5fc1eaab380e9b7d74":{"runtimeSource":"embedded","connection":{},"api":{"name":"shared_bot-5fcrm-20bot-5fc1eaab380e9b7d74","logicalName":"bot_5Fcrm-20bot"}}},"definition":{"$schema":"https://schema.management.azure.com/providers/Microsoft.Logic/schemas/2016-06-01/workflowdefinition.json#","contentVersion":"1.0.0.0","parameters":{"$connections":{"defaultValue":{},"type":"Object"},"$authentication":{"defaultValue":{},"type":"SecureObject"}},"triggers":{"When_Intent_is_detected":{"type":"OpenApiConnectionWebhook","inputs":{"host":{"connectionName":"shared_bot-5fcrm-20bot-5fc1eaab380e9b7d74","operationId":"intent-detected","apiId":""},"parameters":{"body/intent":"Help - Records","body/platform":"Unspecified"},"authentication":"@parameters('$authentication')"}}},"actions":{"Send_Response":{"runAfter":{"Build_Adaptive_Card_Response":["Succeeded"]},"type":"OpenApiConnection","inputs":{"host":{"connectionName":"shared_bot-5fcrm-20bot-5fc1eaab380e9b7d74","operationId":"send-response","apiId":""},"parameters":{"body/sessionId":"@triggerOutputs()?['body/BotSessionId']","body/useGlossary":false,"body/targetLanguage":"en","body/webhookResponse/FulfillmentMessages":["@outputs('Build_Adaptive_Card_Response')?['body/message']"]},"authentication":"@parameters('$authentication')"}},"Build_Adaptive_Card_Response":{"runAfter":{},"type":"OpenApiConnection","inputs":{"host":{"connectionName":"shared_bot-5fcrm-20bot-5fc1eaab380e9b7d74","operationId":"build-custom-message","apiId":""},"parameters":{"body/platform":"@triggerOutputs()?['body/Platform']","body/text":"{\n    \"type\": \"AdaptiveCard\",\n    \"body\": [\n       {\n            \"type\": \"TextBlock\",\n            \"wrap\": true,\n            \"separator\": true,\n            \"size\": \"Large\",\n            \"text\": \"Record Management\",\n            \"weight\": \"Bolder\"\n        },\n        {\n            \"type\": \"TextBlock\",\n            \"wrap\": true,\n            \"separator\": true,\n            \"text\": \"After clicking on a record you like, you will see a bespoke **Record Card**. Everything you see on a card can be adapted to your unique business needs (If you don't know how to, please get in touch!). By default, on any given record you can: \"\n        },\n        {\n            \"type\": \"TextBlock\",\n            \"wrap\": true,\n            \"separator\": true,\n            \"text\": \"**Add Note** - this allows you to create either **Notes** or **Tasks** (Notes with Due Date).\"\n        },\n        {\n            \"type\": \"TextBlock\",\n            \"wrap\": true,\n            \"separator\": true,\n            \"text\": \"**Change State** - this allows you to change a state on a record. You will notice, states are aligned to your record type - for example, by default, Accounts can only be Active or Inactive, whilst Opportunities have a lot more variations. **Beware, you can only perform state transitions that are allowed on your CRM system (i.e. you cannot change record that has been **Cancelled** into **Won**).\"\n        },\n        {\n            \"type\": \"TextBlock\",\n            \"wrap\": true,\n            \"separator\": true,\n            \"text\": \"**Show Related/Show Parent** - Records in CRM are usually related to other records. By using this option, you can navigate around the record you are displaying to find out more.\"\n        }\n    ],\n    \"actions\": [\n        {\n                    \"type\": \"Action.Submit\",\n                    \"title\": \"Back to Help\",\n  \"data\": {\n    \"msteams\": {\n      \"type\": \"messageBack\",\n      \"displayText\": \"Help\",\n      \"text\": \"Help\"\n    }\n  }\n                },\n        {\n            \"type\": \"Action.OpenUrl\",\n            \"url\": \"https://docs.crmbot.ai/docs/\",\n            \"title\": \"View Quick Overview Video\"\n        }\n    ],\n    \"$schema\": \"http://adaptivecards.io/schemas/adaptive-card.json\",\n    \"version\": \"1.2\"\n}"},"authentication":"@parameters('$authentication')"}}},"outputs":{}}},"schemaVersion":"1.0.0.0"}