{"properties":{"connectionReferences":{"shared_bot-5fcrm-20bot-5fc1eaab380e9b7d74":{"runtimeSource":"embedded","connection":{},"api":{"name":"shared_bot-5fcrm-20bot-5fc1eaab380e9b7d74","logicalName":"bot_5Fcrm-20bot"}},"shared_commondataserviceforapps_1":{"runtimeSource":"embedded","connection":{},"api":{"name":"shared_commondataserviceforapps"}},"shared_bingmaps":{"runtimeSource":"embedded","connection":{},"api":{"name":"shared_bingmaps"}},"shared_commondataserviceforapps":{"runtimeSource":"embedded","connection":{},"api":{"name":"shared_commondataserviceforapps"}}},"definition":{"$schema":"https://schema.management.azure.com/providers/Microsoft.Logic/schemas/2016-06-01/workflowdefinition.json#","contentVersion":"1.0.0.0","parameters":{"$connections":{"defaultValue":{},"type":"Object"},"$authentication":{"defaultValue":{},"type":"SecureObject"}},"triggers":{"When_a_record_is_created,_updated_or_deleted":{"type":"OpenApiConnectionWebhook","inputs":{"host":{"connectionName":"shared_commondataserviceforapps","operationId":"SubscribeWebhookTrigger","apiId":"/providers/Microsoft.PowerApps/apis/shared_commondataserviceforapps"},"parameters":{"subscriptionRequest/message":4,"subscriptionRequest/entityname":"account","subscriptionRequest/scope":4,"subscriptionRequest/filteringattributes":"ownerid","subscriptionRequest/filterexpression":"_modifiedby_value ne _ownerid_value"},"authentication":"@parameters('$authentication')"}}},"actions":{"Build_Text_Response":{"runAfter":{"Find_and_Show_Accounts":["Succeeded"]},"type":"OpenApiConnection","inputs":{"host":{"connectionName":"shared_bot-5fcrm-20bot-5fc1eaab380e9b7d74","operationId":"build-text-message","apiId":"/providers/Microsoft.PowerApps/apis/shared_bot-5fcrm-20bot-5fc1eaab380e9b7d74"},"parameters":{"body/platform":"Unspecified","body/text":"Somebody assigned you a new record. Check it out!"},"authentication":"@parameters('$authentication')"}},"Send_Proactive_Message":{"runAfter":{"Build_Text_Response":["Succeeded"]},"type":"OpenApiConnection","inputs":{"host":{"connectionName":"shared_bot-5fcrm-20bot-5fc1eaab380e9b7d74","operationId":"send-proactive-message","apiId":"/providers/Microsoft.PowerApps/apis/shared_bot-5fcrm-20bot-5fc1eaab380e9b7d74"},"parameters":{"body/sessionId":"@outputs('Get_Owner')?['body/azureactivedirectoryobjectid']","body/useGlossary":false,"body/targetLanguage":"en","body/webhookResponse/FulfillmentMessages":["@outputs('Build_Text_Response')?['body/message']","@outputs('Build_Adaptive_Card_Response')?['body/message']"]},"authentication":"@parameters('$authentication')"}},"Start_States":{"runAfter":{"Get_Owner":["Succeeded"]},"type":"InitializeVariable","inputs":{"variables":[{"name":"States","type":"array","value":[{"entity":"account","status":1,"label":"Active"},{"entity":"account","status":2,"label":"Inactive"},{"entity":"contact","status":1,"label":"Active"},{"entity":"contact","status":2,"label":"Inactive"},{"entity":"opportunity","status":1,"label":"In Progress"},{"entity":"opportunity","status":2,"label":"On Hold"},{"entity":"opportunity","status":3,"label":"Won"},{"entity":"opportunity","status":4,"label":"Canceled"},{"entity":"opportunity","status":5,"label":"Out-Sold"},{"entity":"activity","status":1,"label":"Completed"},{"entity":"activity","status":2,"label":"Canceled"},{"entity":"lead","status":1,"label":"New"},{"entity":"lead","status":2,"label":"Contacted"},{"entity":"lead","status":3,"label":"Qualified"},{"entity":"lead","status":4,"label":"Lost"},{"entity":"lead","status":5,"label":"Cannot Contact"},{"entity":"lead","status":6,"label":"No Longer Interested"},{"entity":"lead","status":7,"label":"Canceled"}]}]}},"Start_Icon_URL":{"runAfter":{"Start_States":["Succeeded"]},"type":"InitializeVariable","inputs":{"variables":[{"name":"Start Activity Icon url","type":"string"}]}},"Start_App_ID":{"runAfter":{"Start_Icon_URL":["Succeeded"]},"type":"InitializeVariable","inputs":{"variables":[{"name":"App ID","type":"string","value":"2a199df4-369c-ea11-a811-002248006fcd"}]},"description":"Please update with the id of your model driven app that you'd like all your records to display under."},"Start_Activities":{"runAfter":{"Start_App_ID":["Succeeded"]},"type":"InitializeVariable","inputs":{"variables":[{"name":"activities","type":"string"}]}},"Set_States_for_Accounts":{"actions":{"Filter_States":{"runAfter":{},"type":"Query","inputs":{"from":"@variables('States')","where":"@equals(item()?['entity'], 'account')"}},"Create_States_array_":{"runAfter":{"Filter_States":["Succeeded"]},"type":"Select","inputs":{"from":"@body('Filter_States')","select":{"title":"@item()?['label']","value":"@item()?['status']"}}}},"runAfter":{"Start_Activities":["Succeeded"]},"type":"Scope"},"Find_and_Show_Accounts":{"actions":{"Get_a_record":{"runAfter":{},"type":"OpenApiConnection","inputs":{"host":{"connectionName":"shared_commondataserviceforapps_1","operationId":"GetItem","apiId":"/providers/Microsoft.PowerApps/apis/shared_commondataserviceforapps"},"parameters":{"entityName":"accounts","recordId":"@triggerOutputs()?['body/accountid']"},"authentication":"@parameters('$authentication')"}},"Clear_activities_array":{"runAfter":{"Get_a_record":["Succeeded"]},"type":"SetVariable","inputs":{"name":"activities","value":"@{null}"}},"Get_a_Modifier":{"runAfter":{"Clear_activities_array":["Succeeded"]},"type":"OpenApiConnection","inputs":{"host":{"connectionName":"shared_commondataserviceforapps_1","operationId":"GetItem","apiId":"/providers/Microsoft.PowerApps/apis/shared_commondataserviceforapps"},"parameters":{"entityName":"systemusers","recordId":"@outputs('Get_a_record')?['body/_modifiedby_value']"},"authentication":"@parameters('$authentication')"}},"Set_Link_to_the_Record":{"runAfter":{"Get_a_Modifier":["Succeeded"]},"type":"Compose","inputs":"@{first(split(outputs('Get_a_Modifier')?['body']?['@odata.id'], '/api/'))}/main.aspx?appid=@{variables('App ID')}&pagetype=entityrecord&etn=account&id=@{outputs('Get_a_record')?['body/accountid']}"},"List_Activities":{"runAfter":{"Set_Link_to_the_Record":["Succeeded"]},"type":"OpenApiConnection","inputs":{"host":{"connectionName":"shared_commondataserviceforapps_1","operationId":"ListRecords","apiId":"/providers/Microsoft.PowerApps/apis/shared_commondataserviceforapps"},"parameters":{"entityName":"activitypointers","fetchXml":"<fetch version=\"1.0\" output-format=\"xml-platform\" mapping=\"logical\" distinct=\"true\" >\n  <entity name=\"activitypointer\" >\n    <attribute name=\"activityid\" />\n    <attribute name=\"regardingobjectid\" />\n    <attribute name=\"activitytypecode\" />\n    <attribute name=\"regardingobjecttypecode\" />\n    <attribute name=\"subject\" />\n    <order attribute=\"scheduledend\" descending=\"true\" />\n    <filter type=\"and\" >\n      <condition attribute=\"statecode\" operator=\"in\" >\n        <value>0</value>\n        <value>3</value>\n      </condition>\n    </filter>\n    <link-entity name=\"activityparty\" from=\"activityid\" to=\"activityid\" link-type=\"inner\" alias=\"ab\" >\n      <filter type=\"and\" >\n        <condition attribute=\"partyid\" operator=\"eq\" uitype=\"account\" value=\"@{triggerOutputs()?['body/guid']}\" />\n      </filter>\n    </link-entity>\n  </entity>\n</fetch>"},"authentication":"@parameters('$authentication')"}},"Apply_to_each":{"foreach":"@outputs('List_Activities')?['body/value']","actions":{"Append_to_string_variable":{"runAfter":{"Set_a_Link_to_Activity":["Succeeded"]},"type":"AppendToStringVariable","inputs":{"name":"activities","value":"{\n                        \"type\": \"Action.Submit\",\n                        \"title\": \"@{items('Apply_to_each')?['subject']} | Due  @{formatDateTime(items('Apply_to_each')?['scheduledend'], 'dd/MM hh:mm tt')}\",\n                        \"data\": {\n                            \"msteams\": {\n                                \"type\": \"messageBack\",\n                                \"displayText\": \"@{items('Apply_to_each')?['subject']}\",\n                                \"text\": \"Show specific activities @{items('Apply_to_each')?['activityid']}\"\n                            }\n                        },\n                            \"iconUrl\": \"@{variables('Start Activity Icon URL')}\"\n                    },"}},"Set_a_Link_to_Activity":{"runAfter":{"Set_Activity_Icon_based_on_Type":["Succeeded"]},"type":"Compose","inputs":"@{first(split(outputs('Get_a_Modifier')?['body']?['@odata.id'], '/api/'))}/main.aspx?appid=@{variables('App ID')}&pagetype=entityrecord&etn=@{items('Apply_to_each')?['activitytypecode']}&id=@{items('Apply_to_each')?['activityid']}"},"Set_Activity_Icon_based_on_Type":{"runAfter":{},"cases":{"Case":{"case":"task","actions":{"Set_variable":{"runAfter":{},"type":"SetVariable","inputs":{"name":"Start Activity Icon url","value":"https://cdn.iconscout.com/icon/free/png-64/bolt-thunder-electricity-energy-charge-17-32420.png"}}}},"Case_2":{"case":"phonecall","actions":{"Set_variable_2":{"runAfter":{},"type":"SetVariable","inputs":{"name":"Start Activity Icon url","value":"https://cdn.iconscout.com/icon/free/png-64/mobile-phone-cell-device-telephone-communication-16-28689.png"}}}},"Case_3":{"case":"email","actions":{"Set_variable_3":{"runAfter":{},"type":"SetVariable","inputs":{"name":"Start Activity Icon url","value":"https://cdn.iconscout.com/icon/free/png-64/mail-email-message-inbox-letter-envelope-17-32381.png"}}}},"Case_4":{"case":"appointment","actions":{"Set_variable_4":{"runAfter":{},"type":"SetVariable","inputs":{"name":"Start Activity Icon url","value":"https://cdn.iconscout.com/icon/free/png-64/calender-date-day-year-reminder-schedule-17-32402.png"}}}}},"default":{"actions":{"Set_variable_20":{"runAfter":{},"type":"SetVariable","inputs":{"name":"Start Activity Icon url","value":"https://cdn.iconscout.com/icon/free/png-64/activity-3-124194.png"}}}},"expression":"@items('Apply_to_each')?['activitytypecode']","type":"Switch"}},"runAfter":{"List_Activities":["Succeeded"]},"type":"Foreach"},"Delete_last_comma_from_the_string_array":{"runAfter":{"Apply_to_each":["Succeeded"]},"type":"Compose","inputs":"@substring(variables('activities'), 0, add(length(variables('activities')), -1))"},"Format_number":{"runAfter":{"Delete_last_comma_from_the_string_array":["Succeeded","Failed","Skipped"]},"type":"Expression","kind":"FormatNumber","inputs":{"number":"@outputs('Get_a_record')?['body/revenue']","format":"C2"}},"Get_static_map":{"runAfter":{"Format_number":["Succeeded"]},"type":"OpenApiConnection","inputs":{"host":{"connectionName":"shared_bingmaps","operationId":"GetMapV2","apiId":"/providers/Microsoft.PowerApps/apis/shared_bingmaps"},"parameters":{"latitude":"@outputs('Get_a_record')?['body/address1_latitude']","longitude":"@outputs('Get_a_record')?['body/address1_longitude']","imagerySet":"CanvasDark","zoomLevel":"10","format":"png","mapSize":"400,300","pushpinLatitude":"@outputs('Get_a_record')?['body/address1_latitude']","pushpinLongitude":"@outputs('Get_a_record')?['body/address1_longitude']","pushpinIconStyle":96},"authentication":"@parameters('$authentication')"}},"Compose":{"runAfter":{"Get_static_map":["Succeeded"]},"type":"Compose","inputs":"@base64(outputs('Get_static_map')?['body'])"},"Get_the_label_of_the_status_for_the_record":{"runAfter":{"Compose":["Succeeded"]},"type":"Query","inputs":{"from":"@body('Create_States_array_')","where":"@equals(item()?['value'], outputs('Get_a_record')?['body/statuscode'])"}},"Build_Adaptive_Card_Response":{"runAfter":{"Get_the_label_of_the_status_for_the_record":["Succeeded"]},"type":"OpenApiConnection","inputs":{"host":{"connectionName":"shared_bot-5fcrm-20bot-5fc1eaab380e9b7d74","operationId":"build-custom-message","apiId":"/providers/Microsoft.PowerApps/apis/shared_bot-5fcrm-20bot-5fc1eaab380e9b7d74"},"parameters":{"body/platform":"Unspecified","body/text":"{ \n    \"$schema\": \"http://adaptivecards.io/schemas/adaptive-card.json\",\n    \"type\": \"AdaptiveCard\",\n    \"version\": \"1.2\",\n    \"body\": [\n        {\n            \"type\": \"Container\",\n            \"items\": [\n                {\n                    \"type\": \"TextBlock\",\n                    \"text\": \"[@{outputs('Get_a_record')?['body/name']}](@{outputs('Set_Link_to_the_Record')})\",\n                    \"weight\": \"Bolder\",\n                    \"size\": \"Medium\"\n                },\n                {\n                    \"type\": \"ColumnSet\",\n                    \"columns\": [\n                        {\n                            \"type\": \"Column\",\n                            \"width\": \"auto\",\n                            \"items\": [\n                                {\n                                    \"type\": \"Image\",\n                                    \"url\": \"https://eu.ui-avatars.com/api/?background=0D8ABC&color=fff&name=@{outputs('Get_a_Modifier')?['body/fullname']}&rounded=true\",\n                                    \"size\": \"Small\",\n                                    \"style\": \"Person\",\n\"selectAction\": {\n                                \"type\": \"Action.OpenUrl\",\n                                \"url\": \"https://teams.microsoft.com/l/chat/0/0?users=@{outputs('Get_a_Modifier')?['body/internalemailaddress']}\"\n                            }\n                                }\n                            ]\n                        },\n                        {\n                            \"type\": \"Column\",\n                            \"width\": \"stretch\",\n                            \"items\": [\n                                                           {\n                                    \"type\": \"TextBlock\",\n                                    \"spacing\": \"None\",\n                                    \"text\": \"Modified by [@{outputs('Get_a_Modifier')?['body/fullname']}](https://teams.microsoft.com/l/chat/0/0?users=@{outputs('Get_a_Modifier')?['body/internalemailaddress']}) on {{DATE(@{outputs('Get_a_record')?['body/modifiedon']}, SHORT)}}\",\n                                    \"isSubtle\": true,\n                                    \"wrap\": true\n                                }\n                            ]\n                        }\n                    ]\n                }\n            ]\n        },\n        {\n            \"type\": \"Container\",\n            \"items\": [\n                {\n                    \"type\": \"TextBlock\",\n                    \"text\": \"@{outputs('Get_a_record')?['body/description']}\",\n                    \"wrap\": true\n                },\n                {\n                    \"type\": \"Image\",\n                              \"url\": \"data:image/png;base64,@{outputs('Compose')}\",\n                    \"horizontalAlignment\": \"Center\",\n                    \"width\": \"350px\",\n                    \"selectAction\": {\n                        \"type\": \"Action.OpenUrl\",\n                        \"url\": \"https://bing.com/maps/default.aspx?cp=@{outputs('Get_a_record')?['body/address1_latitude']}~@{outputs('Get_a_record')?['body/address1_longitude']}&style=o&lvl=14&trfc=1\"\n                    }\n                },\n                {\n                    \"type\": \"FactSet\",\n                    \"facts\": [\n                        {\n                            \"title\": \"State\",\n                            \"value\": \"@{body('Get_the_label_of_the_status_for_the_record')?[0]?['title']}\"\n                        },\n                        {\n                            \"title\": \"Annual Revenue\",\n                            \"value\": \"@{outputs('Format_number')?['body']}\"\n                        },\n                        {\n                            \"title\": \"Telephone\",\n                            \"value\": \"[@{outputs('Get_a_record')?['body/telephone1']}](tel:@{outputs('Get_a_record')?['body/telephone1']})\"                        },\n                        {\n                            \"title\": \"Address\",\n                            \"value\": \"[@{outputs('Get_a_record')?['body/address1_line1']}  @{outputs('Get_a_record')?['body/address1_city']} @{outputs('Get_a_record')?['body/address1_postalcode']}](https://bing.com/maps/default.aspx?cp=@{outputs('Get_a_record')?['body/address1_latitude']}~@{outputs('Get_a_record')?['body/address1_longitude']}&style=o&lvl=14&trfc=1)\"\n                        },\n                        {\n                            \"title\": \"Website\",\n                            \"value\": \"[@{outputs('Get_a_record')?['body/websiteurl']}](@{outputs('Get_a_record')?['body/websiteurl']})\"\n                        }\n                    ]\n                }\n            ]\n        },\n        {\n            \"type\": \"Container\",\n            \"items\": [\n                {\n                    \"type\": \"ColumnSet\",\n                    \"columns\": [\n                        {\n                            \"type\": \"Column\",\n                            \"id\": \"chevronDown4\",\n                            \"selectAction\": {\n                                \"type\": \"Action.ToggleVisibility\",\n                                \"title\": \"show history\",\n                                \"targetElements\": [\n                                    \"cardContent4\",\n                                    \"chevronUp4\",\n                                    \"chevronDown4\"\n                                ]\n                            },\n                            \"verticalContentAlignment\": \"Center\",\n                            \"items\": [\n                                {\n                                    \"type\": \"TextBlock\",\n                                    \"horizontalAlignment\": \"Right\",\n                                    \"color\": \"Accent\",\n                                    \"text\": \"Show Recent Activities\",\n                                    \"wrap\": true\n                                }\n                            ],\n                            \"width\": 1\n                        },\n                        {\n                            \"type\": \"Column\",\n                            \"id\": \"chevronUp4\",\n                            \"isVisible\": false,\n                            \"selectAction\": {\n                                \"type\": \"Action.ToggleVisibility\",\n                                \"title\": \"hide history\",\n                                \"targetElements\": [\n                                    \"cardContent4\",\n                                    \"chevronUp4\",\n                                    \"chevronDown4\"\n                                ]\n                            },\n                            \"verticalContentAlignment\": \"Center\",\n                            \"items\": [\n                                {\n                                    \"type\": \"TextBlock\",\n                                    \"horizontalAlignment\": \"Right\",\n                                    \"color\": \"Accent\",\n                                    \"text\": \"Hide Recent Activities\",\n                                    \"wrap\": true\n                                }\n                            ],\n                            \"width\": 1\n                        }\n                    ]\n                }\n            ]\n        },\n        {\n            \"type\": \"Container\",\n            \"id\": \"cardContent4\",\n            \"isVisible\": false,\n            \"items\": [\n                {\n                    \"type\": \"ActionSet\",\n                    \"actions\": [\n                        @{outputs('Delete_last_comma_from_the_string_array')}\n                    ]\n                }\n            ]\n        }\n    ],\n    \"actions\": [\n        {\n            \"type\": \"Action.ShowCard\",\n            \"title\": \"Add a Note\",\n            \"card\": {\n                \"type\": \"AdaptiveCard\",\n                \"body\": [\n                                      {\n                        \"type\": \"Input.Text\",\n                        \"id\": \"subject\",\n                        \"isMultiline\": false,\n                        \"placeholder\": \"Enter your title\"\n                    },\n                    {\n                        \"type\": \"Input.Text\",\n                        \"id\": \"note\",\n                        \"isMultiline\": true,\n                        \"placeholder\": \"You can enter a date below to convert this note into a reminder!\"\n                    },\n                    {\n                        \"type\":\"Input.Date\",\n                        \"id\": \"due\"\n                    }\n                ],\n                \"actions\": [\n                    {\n                        \"type\": \"Action.Submit\",\n                        \"title\": \"Submit\",\n                        \"data\": {\n                            \"msteams\": {\n                                \"type\": \"messageBack\",\n                                \"displayText\": \"Note Added.\",\n                                \"text\": \"Note added accounts @{outputs('Get_a_record')?['body/accountid']}\"\n                            }\n                        }\n                    }\n                ],\n                \"$schema\": \"http://adaptivecards.io/schemas/adaptive-card.json\"\n            }\n        },\n        {\n            \"type\": \"Action.ShowCard\",\n            \"title\": \"Change State\",\n            \"card\": {\n                \"type\": \"AdaptiveCard\",\n                \"body\": [\n                    {\n                        \"type\": \"Input.ChoiceSet\",\n                        \"id\": \"state\",\n                        \"placeholder\": \"Deactivating the record will hide it from your searches!\",\n                        \"choices\": \n                           @{body('Create_States_array_')}\n                        ,\n                        \"style\": \"expanded\"\n                    }\n                ],\n                \"actions\": [\n                    {\n                        \"type\": \"Action.Submit\",\n                        \"title\": \"Submit\",\n                        \"data\": {\n                            \"msteams\": {\n                                \"type\": \"messageBack\",\n                                \"displayText\": \"State changed.\",\n                                \"text\": \"State changed accounts @{outputs('Get_a_record')?['body/accountid']}\"\n                            }\n                        }\n                    }\n                ],\n                \"$schema\": \"http://adaptivecards.io/schemas/adaptive-card.json\"\n            }\n        },\n{\n            \"type\": \"Action.ShowCard\",\n            \"title\": \"Related\",\n            \"card\": {\n                \"type\": \"AdaptiveCard\",\n                \"body\": [\n                    {\n                        \"type\": \"Input.ChoiceSet\",\n                        \"id\": \"related\",\n                        \"placeholder\": \"Pick a related entity to see the list here\",\n                        \"choices\": [\n                            {\n                                \"title\": \"Contacts\",\n                                \"value\": \"Contacts\"\n                            },\n                            {\n                                \"title\": \"Opportunities\",\n                                \"value\": \"Opportunities\"\n                            },\n                            {\n                                \"title\": \"Notes\",\n                                \"value\": \"Notes\"\n                            }\n                        ],\n                        \"style\": \"expanded\"\n                    }\n                ],\n                \"actions\": [\n                    {\n                        \"type\": \"Action.Submit\",\n                        \"title\": \"Show\",\n                        \"data\": {\n                            \"msteams\": {\n                                \"type\": \"messageBack\",\n                                \"displayText\": \"Query initiated.\",\n                                \"text\": \"Show related accounts @{outputs('Get_a_record')?['body/accountid']}\"\n                            }\n                        }\n                    }\n                ],\n                \"$schema\": \"http://adaptivecards.io/schemas/adaptive-card.json\"\n            }\n        }\n    ]\n}"},"authentication":"@parameters('$authentication')"}}},"runAfter":{"Set_States_for_Accounts":["Succeeded"]},"type":"Scope"},"Get_Owner":{"runAfter":{},"type":"OpenApiConnection","inputs":{"host":{"connectionName":"shared_commondataserviceforapps_1","operationId":"GetItem","apiId":"/providers/Microsoft.PowerApps/apis/shared_commondataserviceforapps"},"parameters":{"entityName":"systemusers","recordId":"@triggerOutputs()?['body/_ownerid_value']"},"authentication":"@parameters('$authentication')"}}}}},"schemaVersion":"1.0.0.0"}