{"properties":{"connectionReferences":{"shared_bot-5fcrm-20bot-5fc1eaab380e9b7d74":{"runtimeSource":"embedded","connection":{},"api":{"name":"shared_bot-5fcrm-20bot-5fc1eaab380e9b7d74","logicalName":"bot_5Fcrm-20bot"}},"shared_commondataserviceforapps_1":{"runtimeSource":"embedded","connection":{},"api":{"name":"shared_commondataserviceforapps"}},"shared_commondataserviceforapps":{"runtimeSource":"embedded","connection":{},"api":{"name":"shared_commondataserviceforapps"}}},"definition":{"$schema":"https://schema.management.azure.com/providers/Microsoft.Logic/schemas/2016-06-01/workflowdefinition.json#","contentVersion":"1.0.0.0","parameters":{"$connections":{"defaultValue":{},"type":"Object"},"$authentication":{"defaultValue":{},"type":"SecureObject"}},"triggers":{"When_a_record_is_created,_updated_or_deleted":{"type":"OpenApiConnectionWebhook","inputs":{"host":{"connectionName":"shared_commondataserviceforapps","operationId":"SubscribeWebhookTrigger","apiId":"/providers/Microsoft.PowerApps/apis/shared_commondataserviceforapps"},"parameters":{"subscriptionRequest/message":4,"subscriptionRequest/entityname":"task","subscriptionRequest/scope":4,"subscriptionRequest/filteringattributes":"ownerid","subscriptionRequest/filterexpression":"_modifiedby_value ne _ownerid_value"},"authentication":"@parameters('$authentication')"}}},"actions":{"Build_Text_Response":{"runAfter":{"Find_and_Show_Activities":["Succeeded"]},"type":"OpenApiConnection","inputs":{"host":{"connectionName":"shared_bot-5fcrm-20bot-5fc1eaab380e9b7d74","operationId":"build-text-message","apiId":""},"parameters":{"body/platform":"Unspecified","body/text":"Somebody assigned you a new record. Check it out!"},"authentication":"@parameters('$authentication')"}},"Send_Proactive_Message":{"runAfter":{"Build_Text_Response":["Succeeded"]},"type":"OpenApiConnection","inputs":{"host":{"connectionName":"shared_bot-5fcrm-20bot-5fc1eaab380e9b7d74","operationId":"send-proactive-message","apiId":""},"parameters":{"body/sessionId":"@outputs('Get_Owner')?['body/azureactivedirectoryobjectid']","body/useGlossary":false,"body/targetLanguage":"en","body/webhookResponse/FulfillmentMessages":["@outputs('Build_Text_Response')?['body/message']","@outputs('Build_Adaptive_Card_Response_4')?['body/message']"]},"authentication":"@parameters('$authentication')"}},"Start_States":{"runAfter":{"Get_Owner":["Succeeded"]},"type":"InitializeVariable","inputs":{"variables":[{"name":"States","type":"array","value":[{"entity":"account","status":1,"label":"Active"},{"entity":"account","status":2,"label":"Inactive"},{"entity":"contact","status":1,"label":"Active"},{"entity":"contact","status":2,"label":"Inactive"},{"entity":"opportunity","status":1,"label":"In Progress"},{"entity":"opportunity","status":2,"label":"On Hold"},{"entity":"opportunity","status":3,"label":"Won"},{"entity":"opportunity","status":4,"label":"Canceled"},{"entity":"opportunity","status":5,"label":"Out-Sold"},{"entity":"activity","status":1,"label":"Completed"},{"entity":"activity","status":2,"label":"Canceled"},{"entity":"lead","status":1,"label":"New"},{"entity":"lead","status":2,"label":"Contacted"},{"entity":"lead","status":3,"label":"Qualified"},{"entity":"lead","status":4,"label":"Lost"},{"entity":"lead","status":5,"label":"Cannot Contact"},{"entity":"lead","status":6,"label":"No Longer Interested"},{"entity":"lead","status":7,"label":"Canceled"}]}]}},"Start_Icon_URL":{"runAfter":{"Start_States":["Succeeded"]},"type":"InitializeVariable","inputs":{"variables":[{"name":"Start Activity Icon url","type":"string"}]}},"Start_App_ID":{"runAfter":{"Start_Icon_URL":["Succeeded"]},"type":"InitializeVariable","inputs":{"variables":[{"name":"App ID","type":"string","value":"2a199df4-369c-ea11-a811-002248006fcd"}]},"description":"Please update with the id of your model driven app that you'd like all your records to display under."},"Start_Activities":{"runAfter":{"Start_App_ID":["Succeeded"]},"type":"InitializeVariable","inputs":{"variables":[{"name":"activities","type":"string"}]}},"Get_Owner":{"runAfter":{},"type":"OpenApiConnection","inputs":{"host":{"connectionName":"shared_commondataserviceforapps_1","operationId":"GetItem","apiId":"/providers/Microsoft.PowerApps/apis/shared_commondataserviceforapps"},"parameters":{"entityName":"systemusers","recordId":"@triggerOutputs()?['body/_ownerid_value']"},"authentication":"@parameters('$authentication')"}},"Set_States_for_Activities":{"actions":{"Filter_States_4":{"runAfter":{},"type":"Query","inputs":{"from":"@variables('States')","where":"@equals(item()?['entity'], 'activity')"}},"Create_States_array_4":{"runAfter":{"Filter_States_4":["Succeeded"]},"type":"Select","inputs":{"from":"@body('Filter_States_4')","select":{"title":"@item()?['label']","value":"@item()?['status']"}}}},"runAfter":{"Start_Activities":["Succeeded"]},"type":"Scope"},"Find_and_Show_Activities":{"actions":{"Get_a_record_4":{"runAfter":{},"type":"OpenApiConnection","inputs":{"host":{"connectionName":"shared_commondataserviceforapps_1","operationId":"GetItem","apiId":"/providers/Microsoft.PowerApps/apis/shared_commondataserviceforapps"},"parameters":{"entityName":"activitypointers","recordId":"@triggerOutputs()?['body/activityid']"},"authentication":"@parameters('$authentication')"}},"Get_the_label_of_the_status_for_the_record_4":{"runAfter":{"Get_Due_Date":["Succeeded"]},"type":"Query","inputs":{"from":"@body('Create_States_array_4')","where":"@equals(item()?['value'], outputs('Get_a_record_4')?['body/statuscode'])"}},"Build_Adaptive_Card_Response_4":{"runAfter":{"Get_the_label_of_the_status_for_the_record_4":["Succeeded"]},"type":"OpenApiConnection","inputs":{"host":{"connectionName":"shared_bot-5fcrm-20bot-5fc1eaab380e9b7d74","operationId":"build-custom-message","apiId":"/providers/Microsoft.PowerApps/apis/shared_bot-5fcrm-20bot-5fc1eaab380e9b7d74"},"parameters":{"body/platform":"@triggerOutputs()?['body/Platform']","body/text":"{\n    \"$schema\": \"http://adaptivecards.io/schemas/adaptive-card.json\",\n    \"type\": \"AdaptiveCard\",\n    \"version\": \"1.2\",\n    \"body\": [\n        {\n            \"type\": \"Container\",\n            \"items\": [\n                {\n                    \"type\": \"ColumnSet\",\n                    \"columns\": [\n                        {\n                            \"type\": \"Column\",\n                            \"width\": \"auto\",\n                            \"items\": [\n                                {\n                                    \"type\": \"Image\",\n                                    \"url\": \"@{variables('Start Activity Icon url')}\",\n                                    \"size\": \"Small\",\n                                    \"style\": \"Person\"\n                                }\n                            ]\n                        },\n                        {\n                            \"type\": \"Column\",\n                            \"width\": \"stretch\",\n                            \"items\": [\n                                {\n                                    \"type\": \"TextBlock\",\n                                    \"spacing\": \"None\",\n                                    \"text\": \"[@{outputs('Get_a_record_4')?['body/subject']} - Due @{outputs('Get_Due_Date')}](@{outputs('Set_Link_to_the_Record_4')})\",\n                                    \"isSubtle\": true,\n                                    \"wrap\": true,\n                                    \"height\": \"stretch\"\n                                }\n                            ]\n                        }\n                    ]\n                }\n            ]\n        },\n        {\n            \"type\": \"ActionSet\",\n            \"actions\": [\n                {\n                    \"type\": \"Action.ShowCard\",\n                    \"card\": {\n                        \"type\": \"AdaptiveCard\",\n                        \"body\": [\n                            {\n                                \"type\": \"Input.Date\",\n                                \"id\": \"due\"\n                            }\n                        ],\n                        \"actions\": [\n                            {\n                                \"type\": \"Action.Submit\",\n                                \"title\": \"Submit\",\n                                \"data\": {\n                                    \"msteams\": {\n                                        \"type\": \"messageBack\",\n                                        \"displayText\": \"Activity Rescheduled.\",\n                                        \"text\": \"Update activities @{outputs('Get_a_record_4')?['body/activityid']}\"\n                                    }\n                                }\n                            }\n                        ],\n                        \"$schema\": \"http://adaptivecards.io/schemas/adaptive-card.json\"\n                    },\n                    \"title\": \"Reschedule\"\n                },\n                {\n                    \"type\": \"Action.ShowCard\",\n                    \"card\": {\n                        \"type\": \"AdaptiveCard\",\n                        \"body\": [\n                            {\n                                \"type\": \"Input.ChoiceSet\",\n                                \"id\": \"state\",\n                                             \"choices\": \n@{body('Create_States_array_4')}\n,\n                                \"style\": \"expanded\"\n                            }\n                        ],\n                        \"actions\": [\n                            {\n                                \"type\": \"Action.Submit\",\n                                \"title\": \"Submit\",\n                                \"data\": {\n                                    \"msteams\": {\n                                        \"type\": \"messageBack\",\n                                        \"displayText\": \"State changed.\",\n                                        \"text\": \"State changed activities @{outputs('Get_a_record_4')?['body/activityid']}\"\n                                    }\n                                }\n                            }\n                        ],\n                        \"$schema\": \"http://adaptivecards.io/schemas/adaptive-card.json\"\n                    },\n                    \"title\": \"Change State\"\n                },\n                {\n                    \"type\": \"Action.Submit\",\n                    \"title\": \"Show Parent\",\n                                \"data\": {\n                                    \"msteams\": {\n                                        \"type\": \"messageBack\",\n                                        \"displayText\": \"Opening parent record\",\n                                        \"text\": \"Show specific @{outputs('Get_a_record_4')?['body/_regardingobjectid_value@Microsoft.Dynamics.CRM.lookuplogicalname']} @{outputs('Get_a_record_4')?['body/_regardingobjectid_value']}\"\n                                    }\n                                }\n                }\n            ]\n        }\n    ]\n}"},"authentication":"@parameters('$authentication')"}},"Set_Activity_Icon_based_on_Type_4":{"runAfter":{"Get_a_record_4":["Succeeded"]},"cases":{"Case":{"case":"task","actions":{"Set_variable_16":{"runAfter":{},"type":"SetVariable","inputs":{"name":"Start Activity Icon url","value":"https://cdn.iconscout.com/icon/free/png-64/bolt-thunder-electricity-energy-charge-17-32420.png"}}}},"Case_2":{"case":"phonecall","actions":{"Set_variable_17":{"runAfter":{},"type":"SetVariable","inputs":{"name":"Start Activity Icon url","value":"https://cdn.iconscout.com/icon/free/png-64/mobile-phone-cell-device-telephone-communication-16-28689.png"}}}},"Case_3":{"case":"email","actions":{"Set_variable_18":{"runAfter":{},"type":"SetVariable","inputs":{"name":"Start Activity Icon url","value":"https://cdn.iconscout.com/icon/free/png-64/mail-email-message-inbox-letter-envelope-17-32381.png"}}}},"Case_4":{"case":"appointment","actions":{"Set_variable_19":{"runAfter":{},"type":"SetVariable","inputs":{"name":"Start Activity Icon url","value":"https://cdn.iconscout.com/icon/free/png-64/calender-date-day-year-reminder-schedule-17-32402.png"}}}}},"default":{"actions":{"Set_variable_15":{"runAfter":{},"type":"SetVariable","inputs":{"name":"Start Activity Icon url","value":"https://cdn.iconscout.com/icon/free/png-64/activity-3-124194.png"}}}},"expression":"@outputs('Get_a_record_4')?['body/activitytypecode']","type":"Switch"},"Get_Due_Date":{"runAfter":{"Set_Link_to_the_Record_4":["Succeeded"]},"type":"Compose","inputs":"@formatDateTime(outputs('Get_a_record_4')?['body/scheduledend'], 'dd/MM hh:mm tt')"},"Set_Link_to_the_Record_4":{"runAfter":{"Set_Activity_Icon_based_on_Type_4":["Succeeded"]},"type":"Compose","inputs":"@{first(split(outputs('Get_a_record_4')?['body']?['@odata.id'], '/api/'))}/main.aspx?appid=@{variables('App ID')}&pagetype=entityrecord&etn=@{outputs('Get_a_record_4')?['body/activitytypecode']}&id=@{outputs('Get_a_record_4')?['body/activityid']}"}},"runAfter":{"Set_States_for_Activities":["Succeeded"]},"type":"Scope"}}}},"schemaVersion":"1.0.0.0"}