{"properties":{"connectionReferences":{"shared_commondataserviceforapps_1":{"runtimeSource":"embedded","connection":{},"api":{"name":"shared_commondataserviceforapps"}},"shared_bingmaps":{"runtimeSource":"embedded","connection":{},"api":{"name":"shared_bingmaps"}},"shared_bot-5fcrm-20bot-5fc1eaab380e9b7d74":{"runtimeSource":"embedded","connection":{},"api":{"name":"shared_bot-5fcrm-20bot-5fc1eaab380e9b7d74","logicalName":"bot_5Fcrm-20bot"}}},"definition":{"$schema":"https://schema.management.azure.com/providers/Microsoft.Logic/schemas/2016-06-01/workflowdefinition.json#","contentVersion":"1.0.0.0","parameters":{"$connections":{"defaultValue":{},"type":"Object"},"$authentication":{"defaultValue":{},"type":"SecureObject"}},"triggers":{"When_Intent_is_detected":{"type":"OpenApiConnectionWebhook","inputs":{"host":{"connectionName":"shared_bot-5fcrm-20bot-5fc1eaab380e9b7d74","operationId":"intent-detected","apiId":"/providers/Microsoft.PowerApps/apis/shared_bot-5fcrm-20bot-5fc1eaab380e9b7d74"},"parameters":{"body/intent":"Show Specific Entity Record","body/platform":"Unspecified"},"authentication":"@parameters('$authentication')"}}},"actions":{"Start_Cards":{"runAfter":{},"type":"InitializeVariable","inputs":{"variables":[{"name":"cards","type":"array"}]}},"Entity":{"runAfter":{"Start_States":["Succeeded"]},"cases":{"Accounts":{"case":"Accounts","actions":{"Set_States_for_Accounts":{"actions":{"Filter_States":{"runAfter":{},"type":"Query","inputs":{"from":"@variables('States')","where":"@equals(item()?['entity'], 'account')"}},"Create_States_array_":{"runAfter":{"Filter_States":["Succeeded"]},"type":"Select","inputs":{"from":"@body('Filter_States')","select":{"title":"@item()?['label']","value":"@item()?['status']"}}}},"runAfter":{},"type":"Scope"},"Find_and_Show_Accounts":{"actions":{"Get_a_record":{"runAfter":{},"type":"OpenApiConnection","inputs":{"host":{"connectionName":"shared_commondataserviceforapps_1","operationId":"GetItem","apiId":"/providers/Microsoft.PowerApps/apis/shared_commondataserviceforapps"},"parameters":{"entityName":"accounts","recordId":"@triggerOutputs()?['body/guid']"},"authentication":"@parameters('$authentication')"}},"Clear_activities_array":{"runAfter":{"Get_a_record":["Succeeded"]},"type":"SetVariable","inputs":{"name":"activities","value":"@{null}"}},"Get_a_Modifier":{"runAfter":{"Clear_activities_array":["Succeeded"]},"type":"OpenApiConnection","inputs":{"host":{"connectionName":"shared_commondataserviceforapps_1","operationId":"GetItem","apiId":"/providers/Microsoft.PowerApps/apis/shared_commondataserviceforapps"},"parameters":{"entityName":"systemusers","recordId":"@outputs('Get_a_record')?['body/_modifiedby_value']"},"authentication":"@parameters('$authentication')"}},"Set_Link_to_the_Record":{"runAfter":{"Get_a_Modifier":["Succeeded"]},"type":"Compose","inputs":"@{first(split(outputs('Get_a_Modifier')?['body']?['@odata.id'], '/api/'))}/main.aspx?appid=@{variables('App ID')}&pagetype=entityrecord&etn=account&id=@{outputs('Get_a_record')?['body/accountid']}"},"List_Activities":{"runAfter":{"Set_Link_to_the_Record":["Succeeded"]},"type":"OpenApiConnection","inputs":{"host":{"connectionName":"shared_commondataserviceforapps_1","operationId":"ListRecords","apiId":"/providers/Microsoft.PowerApps/apis/shared_commondataserviceforapps"},"parameters":{"entityName":"activitypointers","fetchXml":"<fetch version=\"1.0\" output-format=\"xml-platform\" mapping=\"logical\" distinct=\"true\" >\n  <entity name=\"activitypointer\" >\n    <attribute name=\"activityid\" />\n    <attribute name=\"regardingobjectid\" />\n    <attribute name=\"activitytypecode\" />\n    <attribute name=\"regardingobjecttypecode\" />\n    <attribute name=\"subject\" />\n    <order attribute=\"scheduledend\" descending=\"true\" />\n    <filter type=\"and\" >\n      <condition attribute=\"statecode\" operator=\"in\" >\n        <value>0</value>\n        <value>3</value>\n      </condition>\n    </filter>\n    <link-entity name=\"activityparty\" from=\"activityid\" to=\"activityid\" link-type=\"inner\" alias=\"ab\" >\n      <filter type=\"and\" >\n        <condition attribute=\"partyid\" operator=\"eq\" uitype=\"account\" value=\"@{triggerOutputs()?['body/guid']}\" />\n      </filter>\n    </link-entity>\n  </entity>\n</fetch>"},"authentication":"@parameters('$authentication')"}},"Apply_to_each":{"foreach":"@outputs('List_Activities')?['body/value']","actions":{"Append_to_string_variable":{"runAfter":{"Set_a_Link_to_Activity":["Succeeded"]},"type":"AppendToStringVariable","inputs":{"name":"activities","value":"{\n                        \"type\": \"Action.Submit\",\n                        \"title\": \"@{items('Apply_to_each')?['subject']} | Due  @{formatDateTime(items('Apply_to_each')?['scheduledend'],'dd/MM hh:mm tt')}\",\n                        \"data\": {\n                            \"msteams\": {\n                                \"type\": \"messageBack\",\n                                \"displayText\": \"@{items('Apply_to_each')?['subject']}\",\n                                \"text\": \"Show specific activities @{items('Apply_to_each')?['activityid']}\"\n                            }\n                        },\n                            \"iconUrl\": \"@{variables('Start Activity Icon URL')}\"\n                    },"}},"Set_a_Link_to_Activity":{"runAfter":{"Set_Activity_Icon_based_on_Type":["Succeeded"]},"type":"Compose","inputs":"@{first(split(outputs('Get_a_Modifier')?['body']?['@odata.id'], '/api/'))}/main.aspx?appid=@{variables('App ID')}&pagetype=entityrecord&etn=@{items('Apply_to_each')?['activitytypecode']}&id=@{items('Apply_to_each')?['activityid']}"},"Set_Activity_Icon_based_on_Type":{"runAfter":{},"cases":{"Case":{"case":"task","actions":{"Set_variable":{"runAfter":{},"type":"SetVariable","inputs":{"name":"Start Activity Icon url","value":"https://cdn.iconscout.com/icon/free/png-64/bolt-thunder-electricity-energy-charge-17-32420.png"}}}},"Case_2":{"case":"phonecall","actions":{"Set_variable_2":{"runAfter":{},"type":"SetVariable","inputs":{"name":"Start Activity Icon url","value":"https://cdn.iconscout.com/icon/free/png-64/mobile-phone-cell-device-telephone-communication-16-28689.png"}}}},"Case_3":{"case":"email","actions":{"Set_variable_3":{"runAfter":{},"type":"SetVariable","inputs":{"name":"Start Activity Icon url","value":"https://cdn.iconscout.com/icon/free/png-64/mail-email-message-inbox-letter-envelope-17-32381.png"}}}},"Case_4":{"case":"appointment","actions":{"Set_variable_4":{"runAfter":{},"type":"SetVariable","inputs":{"name":"Start Activity Icon url","value":"https://cdn.iconscout.com/icon/free/png-64/calender-date-day-year-reminder-schedule-17-32402.png"}}}}},"default":{"actions":{"Set_variable_20":{"runAfter":{},"type":"SetVariable","inputs":{"name":"Start Activity Icon url","value":"https://cdn.iconscout.com/icon/free/png-64/activity-3-124194.png"}}}},"expression":"@items('Apply_to_each')?['activitytypecode']","type":"Switch"}},"runAfter":{"List_Activities":["Succeeded"]},"type":"Foreach"},"Delete_last_comma_from_the_string_array":{"runAfter":{"Apply_to_each":["Succeeded"]},"type":"Compose","inputs":"@substring(variables('activities'), 0, add(length(variables('activities')), -1))"},"Format_number":{"runAfter":{"Delete_last_comma_from_the_string_array":["Succeeded","Failed","Skipped"]},"type":"Expression","kind":"FormatNumber","inputs":{"number":"@outputs('Get_a_record')?['body/revenue']","format":"C2"}},"Get_static_map":{"runAfter":{"Format_number":["Succeeded"]},"type":"OpenApiConnection","inputs":{"host":{"connectionName":"shared_bingmaps","operationId":"GetMapV2","apiId":"/providers/Microsoft.PowerApps/apis/shared_bingmaps"},"parameters":{"latitude":"@outputs('Get_a_record')?['body/address1_latitude']","longitude":"@outputs('Get_a_record')?['body/address1_longitude']","imagerySet":"CanvasDark","zoomLevel":"10","format":"png","mapSize":"400,300","pushpinLatitude":"@outputs('Get_a_record')?['body/address1_latitude']","pushpinLongitude":"@outputs('Get_a_record')?['body/address1_longitude']","pushpinIconStyle":96},"authentication":"@parameters('$authentication')"}},"Compose":{"runAfter":{"Get_static_map":["Succeeded"]},"type":"Compose","inputs":"@base64(outputs('Get_static_map')?['body'])"},"Get_the_label_of_the_status_for_the_record":{"runAfter":{"Compose":["Succeeded"]},"type":"Query","inputs":{"from":"@body('Create_States_array_')","where":"@equals(item()?['value'], outputs('Get_a_record')?['body/statuscode'])"}},"Build_Adaptive_Card_Response":{"runAfter":{"Get_the_label_of_the_status_for_the_record":["Succeeded","Failed"]},"type":"OpenApiConnection","inputs":{"host":{"connectionName":"shared_bot-5fcrm-20bot-5fc1eaab380e9b7d74","operationId":"build-custom-message","apiId":"/providers/Microsoft.PowerApps/apis/shared_bot-5fcrm-20bot-5fc1eaab380e9b7d74"},"parameters":{"body/platform":"@triggerOutputs()?['body/Platform']","body/text":"{ \n    \"$schema\": \"http://adaptivecards.io/schemas/adaptive-card.json\",\n    \"type\": \"AdaptiveCard\",\n    \"version\": \"1.2\",\n    \"body\": [\n        {\n            \"type\": \"Container\",\n            \"items\": [\n                {\n                    \"type\": \"TextBlock\",\n                    \"text\": \"[@{outputs('Get_a_record')?['body/name']}](@{outputs('Set_Link_to_the_Record')})\",\n                    \"weight\": \"Bolder\",\n                    \"size\": \"Medium\"\n                },\n                {\n                    \"type\": \"ColumnSet\",\n                    \"columns\": [\n                        {\n                            \"type\": \"Column\",\n                            \"width\": \"auto\",\n                            \"items\": [\n                                {\n                                    \"type\": \"Image\",\n                                    \"url\": \"https://eu.ui-avatars.com/api/?background=0D8ABC&color=fff&name=@{outputs('Get_a_Modifier')?['body/fullname']}&rounded=true\",\n                                    \"size\": \"Small\",\n                                    \"style\": \"Person\",\n\"selectAction\": {\n                                \"type\": \"Action.OpenUrl\",\n                                \"url\": \"https://teams.microsoft.com/l/chat/0/0?users=@{outputs('Get_a_Modifier')?['body/internalemailaddress']}\"\n                            }\n                                }\n                            ]\n                        },\n                        {\n                            \"type\": \"Column\",\n                            \"width\": \"stretch\",\n                            \"items\": [\n                                                           {\n                                    \"type\": \"TextBlock\",\n                                    \"spacing\": \"None\",\n                                    \"text\": \"Modified by [@{outputs('Get_a_Modifier')?['body/fullname']}](https://teams.microsoft.com/l/chat/0/0?users=@{outputs('Get_a_Modifier')?['body/internalemailaddress']}) on {{DATE(@{outputs('Get_a_record')?['body/modifiedon']}, SHORT)}}\",\n                                    \"isSubtle\": true,\n                                    \"wrap\": true\n                                }\n                            ]\n                        }\n                    ]\n                }\n            ]\n        },\n        {\n            \"type\": \"Container\",\n            \"items\": [\n                {\n                    \"type\": \"TextBlock\",\n                    \"text\": \"@{outputs('Get_a_record')?['body/description']}\",\n                    \"wrap\": true\n                },\n                {\n                    \"type\": \"Image\",\n                              \"url\": \"data:image/png;base64,@{outputs('Compose')}\",\n                    \"horizontalAlignment\": \"Center\",\n                    \"width\": \"350px\",\n                    \"selectAction\": {\n                        \"type\": \"Action.OpenUrl\",\n                        \"url\": \"https://bing.com/maps/default.aspx?cp=@{outputs('Get_a_record')?['body/address1_latitude']}~@{outputs('Get_a_record')?['body/address1_longitude']}&style=o&lvl=14&trfc=1\"\n                    }\n                },\n                {\n                    \"type\": \"FactSet\",\n                    \"facts\": [\n                        {\n                            \"title\": \"State\",\n                            \"value\": \"@{body('Get_the_label_of_the_status_for_the_record')?[0]?['title']}\"\n                        },\n                        {\n                            \"title\": \"Annual Revenue\",\n                            \"value\": \"@{outputs('Format_number')?['body']}\"\n                        },\n                        {\n                            \"title\": \"Telephone\",\n                            \"value\": \"[@{outputs('Get_a_record')?['body/telephone1']}](tel:@{outputs('Get_a_record')?['body/telephone1']})\"                        },\n                        {\n                            \"title\": \"Address\",\n                            \"value\": \"[@{outputs('Get_a_record')?['body/address1_line1']}  @{outputs('Get_a_record')?['body/address1_city']} @{outputs('Get_a_record')?['body/address1_postalcode']}](https://bing.com/maps/default.aspx?cp=@{outputs('Get_a_record')?['body/address1_latitude']}~@{outputs('Get_a_record')?['body/address1_longitude']}&style=o&lvl=14&trfc=1)\"\n                        },\n                        {\n                            \"title\": \"Website\",\n                            \"value\": \"[@{outputs('Get_a_record')?['body/websiteurl']}](@{outputs('Get_a_record')?['body/websiteurl']})\"\n                        }\n                    ]\n                }\n            ]\n        },\n        {\n            \"type\": \"Container\",\n            \"items\": [\n                {\n                    \"type\": \"ColumnSet\",\n                    \"columns\": [\n                        {\n                            \"type\": \"Column\",\n                            \"id\": \"chevronDown4\",\n                            \"selectAction\": {\n                                \"type\": \"Action.ToggleVisibility\",\n                                \"title\": \"show history\",\n                                \"targetElements\": [\n                                    \"cardContent4\",\n                                    \"chevronUp4\",\n                                    \"chevronDown4\"\n                                ]\n                            },\n                            \"verticalContentAlignment\": \"Center\",\n                            \"items\": [\n                                {\n                                    \"type\": \"TextBlock\",\n                                    \"horizontalAlignment\": \"Right\",\n                                    \"color\": \"Accent\",\n                                    \"text\": \"Show Recent Activities\",\n                                    \"wrap\": true\n                                }\n                            ],\n                            \"width\": 1\n                        },\n                        {\n                            \"type\": \"Column\",\n                            \"id\": \"chevronUp4\",\n                            \"isVisible\": false,\n                            \"selectAction\": {\n                                \"type\": \"Action.ToggleVisibility\",\n                                \"title\": \"hide history\",\n                                \"targetElements\": [\n                                    \"cardContent4\",\n                                    \"chevronUp4\",\n                                    \"chevronDown4\"\n                                ]\n                            },\n                            \"verticalContentAlignment\": \"Center\",\n                            \"items\": [\n                                {\n                                    \"type\": \"TextBlock\",\n                                    \"horizontalAlignment\": \"Right\",\n                                    \"color\": \"Accent\",\n                                    \"text\": \"Hide Recent Activities\",\n                                    \"wrap\": true\n                                }\n                            ],\n                            \"width\": 1\n                        }\n                    ]\n                }\n            ]\n        },\n        {\n            \"type\": \"Container\",\n            \"id\": \"cardContent4\",\n            \"isVisible\": false,\n            \"items\": [\n                {\n                    \"type\": \"ActionSet\",\n                    \"actions\": [\n                        @{outputs('Delete_last_comma_from_the_string_array')}\n                    ]\n                }\n            ]\n        }\n    ],\n    \"actions\": [\n        {\n            \"type\": \"Action.ShowCard\",\n            \"title\": \"Add a Note\",\n            \"card\": {\n                \"type\": \"AdaptiveCard\",\n                \"body\": [\n                                      {\n                        \"type\": \"Input.Text\",\n                        \"id\": \"subject\",\n                        \"isMultiline\": false,\n                        \"placeholder\": \"Enter your title\"\n                    },\n                    {\n                        \"type\": \"Input.Text\",\n                        \"id\": \"note\",\n                        \"isMultiline\": true,\n                        \"placeholder\": \"You can enter a date below to convert this note into a reminder!\"\n                    },\n                    {\n                        \"type\":\"Input.Date\",\n                        \"id\": \"due\"\n                    }\n                ],\n                \"actions\": [\n                    {\n                        \"type\": \"Action.Submit\",\n                        \"title\": \"Submit\",\n                        \"data\": {\n                            \"msteams\": {\n                                \"type\": \"messageBack\",\n                                \"displayText\": \"Note Added.\",\n                                \"text\": \"Note added accounts @{outputs('Get_a_record')?['body/accountid']}\"\n                            }\n                        }\n                    }\n                ],\n                \"$schema\": \"http://adaptivecards.io/schemas/adaptive-card.json\"\n            }\n        },\n        {\n            \"type\": \"Action.ShowCard\",\n            \"title\": \"Change State\",\n            \"card\": {\n                \"type\": \"AdaptiveCard\",\n                \"body\": [\n                    {\n                        \"type\": \"Input.ChoiceSet\",\n                        \"id\": \"state\",\n                        \"placeholder\": \"Deactivating the record will hide it from your searches!\",\n                        \"choices\": \n                           @{body('Create_States_array_')}\n                        ,\n                        \"style\": \"expanded\"\n                    }\n                ],\n                \"actions\": [\n                    {\n                        \"type\": \"Action.Submit\",\n                        \"title\": \"Submit\",\n                        \"data\": {\n                            \"msteams\": {\n                                \"type\": \"messageBack\",\n                                \"displayText\": \"State changed.\",\n                                \"text\": \"State changed accounts @{outputs('Get_a_record')?['body/accountid']}\"\n                            }\n                        }\n                    }\n                ],\n                \"$schema\": \"http://adaptivecards.io/schemas/adaptive-card.json\"\n            }\n        },\n{\n            \"type\": \"Action.ShowCard\",\n            \"title\": \"Related\",\n            \"card\": {\n                \"type\": \"AdaptiveCard\",\n                \"body\": [\n                    {\n                        \"type\": \"Input.ChoiceSet\",\n                        \"id\": \"related\",\n                        \"placeholder\": \"Pick a related entity to see the list here\",\n                        \"choices\": [\n                            {\n                                \"title\": \"Contacts\",\n                                \"value\": \"Contacts\"\n                            },\n                            {\n                                \"title\": \"Opportunities\",\n                                \"value\": \"Opportunities\"\n                            },\n                            {\n                                \"title\": \"Notes\",\n                                \"value\": \"Notes\"\n                            }\n                        ],\n                        \"style\": \"expanded\"\n                    }\n                ],\n                \"actions\": [\n                    {\n                        \"type\": \"Action.Submit\",\n                        \"title\": \"Show\",\n                        \"data\": {\n                            \"msteams\": {\n                                \"type\": \"messageBack\",\n                                \"displayText\": \"Query initiated.\",\n                                \"text\": \"Show related accounts @{outputs('Get_a_record')?['body/accountid']}\"\n                            }\n                        }\n                    }\n                ],\n                \"$schema\": \"http://adaptivecards.io/schemas/adaptive-card.json\"\n            }\n        }\n    ]\n}"},"authentication":"@parameters('$authentication')"}},"Send_Response_7":{"runAfter":{"Build_Adaptive_Card_Response":["Succeeded"]},"type":"OpenApiConnection","inputs":{"host":{"connectionName":"shared_bot-5fcrm-20bot-5fc1eaab380e9b7d74","operationId":"send-response","apiId":"/providers/Microsoft.PowerApps/apis/shared_bot-5fcrm-20bot-5fc1eaab380e9b7d74"},"parameters":{"body/sessionId":"@triggerOutputs()?['body/BotSessionId']","body/useGlossary":false,"body/targetLanguage":"en","body/webhookResponse/FulfillmentMessages":["@outputs('Build_Adaptive_Card_Response')?['body/message']"]},"authentication":"@parameters('$authentication')"}}},"runAfter":{"Set_States_for_Accounts":["Succeeded"]},"type":"Scope"}}},"Contacts":{"case":"Contacts","actions":{"Set_States_for_Contacts":{"actions":{"Filter_States_2":{"runAfter":{},"type":"Query","inputs":{"from":"@variables('States')","where":"@equals(item()?['entity'], 'contact')"}},"Create_States_array_2":{"runAfter":{"Filter_States_2":["Succeeded"]},"type":"Select","inputs":{"from":"@body('Filter_States_2')","select":{"title":"@item()?['label']","value":"@item()?['status']"}}}},"runAfter":{},"type":"Scope"},"Find_and_Show_Contacts":{"actions":{"Get_a_record_2":{"runAfter":{},"type":"OpenApiConnection","inputs":{"host":{"connectionName":"shared_commondataserviceforapps_1","operationId":"GetItem","apiId":"/providers/Microsoft.PowerApps/apis/shared_commondataserviceforapps"},"parameters":{"entityName":"contacts","recordId":"@triggerOutputs()?['body/guid']"},"authentication":"@parameters('$authentication')"}},"Clear_activities_array_2":{"runAfter":{"Get_a_record_2":["Succeeded"]},"type":"SetVariable","inputs":{"name":"activities","value":"@{null}"}},"Get_a_Modifier_2":{"runAfter":{"Clear_activities_array_2":["Succeeded"]},"type":"OpenApiConnection","inputs":{"host":{"connectionName":"shared_commondataserviceforapps_1","operationId":"GetItem","apiId":"/providers/Microsoft.PowerApps/apis/shared_commondataserviceforapps"},"parameters":{"entityName":"systemusers","recordId":"@outputs('Get_a_record_2')?['body/_modifiedby_value']"},"authentication":"@parameters('$authentication')"}},"Set_Link_to_the_Record_2":{"runAfter":{"Get_a_Modifier_2":["Succeeded"]},"type":"Compose","inputs":"@{first(split(outputs('Get_a_Modifier_2')?['body']?['@odata.id'], '/api/'))}/main.aspx?appid=@{variables('App ID')}&pagetype=entityrecord&etn=contact&id=@{outputs('Get_a_record_2')?['body/contactid']}"},"List_Activities_2":{"runAfter":{"Set_Link_to_the_Record_2":["Succeeded"]},"type":"OpenApiConnection","inputs":{"host":{"connectionName":"shared_commondataserviceforapps_1","operationId":"ListRecords","apiId":"/providers/Microsoft.PowerApps/apis/shared_commondataserviceforapps"},"parameters":{"entityName":"activitypointers","fetchXml":"<fetch version=\"1.0\" output-format=\"xml-platform\" mapping=\"logical\" distinct=\"true\" >\n  <entity name=\"activitypointer\" >\n    <attribute name=\"activityid\" />\n    <attribute name=\"regardingobjectid\" />\n    <attribute name=\"activitytypecode\" />\n    <attribute name=\"regardingobjecttypecode\" />\n    <attribute name=\"subject\" />\n    <order attribute=\"scheduledend\" descending=\"true\" />\n    <filter type=\"and\" >\n      <condition attribute=\"statecode\" operator=\"in\" >\n        <value>0</value>\n        <value>3</value>\n      </condition>\n    </filter>\n    <link-entity name=\"activityparty\" from=\"activityid\" to=\"activityid\" link-type=\"inner\" alias=\"ab\" >\n      <filter type=\"and\" >\n        <condition attribute=\"partyid\" operator=\"eq\" uitype=\"contact\" value=\"@{triggerOutputs()?['body/guid']}\" />\n      </filter>\n    </link-entity>\n  </entity>\n</fetch>"},"authentication":"@parameters('$authentication')"}},"Apply_to_each_2":{"foreach":"@outputs('List_Activities_2')?['body/value']","actions":{"Set_Activity_Icon_based_on_Type_2":{"runAfter":{},"cases":{"Case":{"case":"task","actions":{"Set_variable_5":{"runAfter":{},"type":"SetVariable","inputs":{"name":"Start Activity Icon url","value":"https://cdn.iconscout.com/icon/free/png-64/bolt-thunder-electricity-energy-charge-17-32420.png"}}}},"Case_2":{"case":"phonecall","actions":{"Set_variable_6":{"runAfter":{},"type":"SetVariable","inputs":{"name":"Start Activity Icon url","value":"https://cdn.iconscout.com/icon/free/png-64/mobile-phone-cell-device-telephone-communication-16-28689.png"}}}},"Case_3":{"case":"email","actions":{"Set_variable_7":{"runAfter":{},"type":"SetVariable","inputs":{"name":"Start Activity Icon url","value":"https://cdn.iconscout.com/icon/free/png-64/mail-email-message-inbox-letter-envelope-17-32381.png"}}}},"Case_4":{"case":"appointment","actions":{"Set_variable_8":{"runAfter":{},"type":"SetVariable","inputs":{"name":"Start Activity Icon url","value":"https://cdn.iconscout.com/icon/free/png-64/calender-date-day-year-reminder-schedule-17-32402.png"}}}}},"default":{"actions":{"Set_variable_14":{"runAfter":{},"type":"SetVariable","inputs":{"name":"Start Activity Icon url","value":"https://cdn.iconscout.com/icon/free/png-64/activity-3-124194.png"}}}},"expression":"@items('Apply_to_each_2')?['activitytypecode']","type":"Switch"},"Set_a_Link_to_Activity_2":{"runAfter":{"Set_Activity_Icon_based_on_Type_2":["Succeeded"]},"type":"Compose","inputs":"@{first(split(outputs('Get_a_Modifier_2')?['body']?['@odata.id'], '/api/'))}/main.aspx?appid=@{variables('App ID')}&pagetype=entityrecord&etn=@{items('Apply_to_each_2')?['activitytypecode']}&id=@{items('Apply_to_each_2')?['activityid']}"},"Append_to_string_variable_2":{"runAfter":{"Set_a_Link_to_Activity_2":["Succeeded"]},"type":"AppendToStringVariable","inputs":{"name":"activities","value":"{\n                        \"type\": \"Action.Submit\",\n                        \"title\": \"@{items('Apply_to_each_2')?['subject']} | Due  @{formatDateTime(items('Apply_to_each_2')?['scheduledend'], 'dd/MM hh:mm tt')}\",\n                        \"data\": {\n                            \"msteams\": {\n                                \"type\": \"messageBack\",\n                                \"displayText\": \"@{items('Apply_to_each_2')?['subject']}\",\n                                \"text\": \"Show specific activities @{items('Apply_to_each_2')?['activityid']}\"\n                            }\n                        },\n                            \"iconUrl\": \"@{variables('Start Activity Icon URL')}\"\n                    },"}}},"runAfter":{"List_Activities_2":["Succeeded"]},"type":"Foreach"},"Delete_last_comma_from_the_string_array_2":{"runAfter":{"Apply_to_each_2":["Succeeded"]},"type":"Compose","inputs":"@substring(variables('activities'), 0, add(length(variables('activities')), -1))"},"Get_the_label_of_the_status_for_the_record_2":{"runAfter":{"Delete_last_comma_from_the_string_array_2":["Succeeded","Failed","Skipped"]},"type":"Query","inputs":{"from":"@body('Create_States_array_2')","where":"@equals(item()?['value'], outputs('Get_a_record_2')?['body/statuscode'])"}},"Build_Adaptive_Card_Response_2":{"runAfter":{"Get_the_label_of_the_status_for_the_record_2":["Succeeded","Failed"]},"type":"OpenApiConnection","inputs":{"host":{"connectionName":"shared_bot-5fcrm-20bot-5fc1eaab380e9b7d74","operationId":"build-custom-message","apiId":"/providers/Microsoft.PowerApps/apis/shared_bot-5fcrm-20bot-5fc1eaab380e9b7d74"},"parameters":{"body/platform":"@triggerOutputs()?['body/Platform']","body/text":"{\n    \"$schema\": \"http://adaptivecards.io/schemas/adaptive-card.json\",\n    \"type\": \"AdaptiveCard\",\n    \"version\": \"1.0\",\n    \"body\": [\n        {\n            \"type\": \"Container\",\n            \"items\": [\n                {\n                    \"type\": \"TextBlock\",\n                    \"text\": \"[@{outputs('Get_a_record_2')?['body/fullname']}](@{outputs('Set_Link_to_the_Record_2')})\",\n                    \"weight\": \"Bolder\",\n                    \"size\": \"Medium\"\n                },\n                {\n                    \"type\": \"ColumnSet\",\n                    \"columns\": [\n                        {\n                            \"type\": \"Column\",\n                            \"width\": \"auto\",\n                            \"items\": [\n                                {\n                                    \"type\": \"Image\",\n                                    \"url\": \"https://eu.ui-avatars.com/api/?background=0D8ABC&color=fff&name=@{outputs('Get_a_Modifier_2')?['body/fullname']}&rounded=true\",\n                                    \"size\": \"Small\",\n                                    \"style\": \"Person\",\n\"selectAction\": {\n                                \"type\": \"Action.OpenUrl\",\n                                \"url\": \"https://teams.microsoft.com/l/chat/0/0?users=@{outputs('Get_a_Modifier_2')?['body/internalemailaddress']}\"\n                            }\n                                }\n                            ]\n                        },\n                        {\n                            \"type\": \"Column\",\n                            \"width\": \"stretch\",\n                            \"items\": [\n                                {\n                                    \"type\": \"TextBlock\",\n                                    \"spacing\": \"None\",\n                                    \"text\": \"Modified by [@{outputs('Get_a_Modifier_2')?['body/fullname']}](https://teams.microsoft.com/l/chat/0/0?users=@{outputs('Get_a_Modifier_2')?['body/internalemailaddress']}) on {{DATE(@{outputs('Get_a_record_2')?['body/modifiedon']}, SHORT)}}\",\n                                    \"isSubtle\": true,\n                                    \"wrap\": true\n                                }\n                            ]\n                        }\n                    ]\n                }\n            ]\n        },\n        {\n            \"type\": \"Container\",\n            \"items\": [\n                {\n                    \"type\": \"TextBlock\",\n                    \"text\": \"@{outputs('Get_a_record_2')?['body/description']}\",\n                    \"wrap\": true\n                },\n                {\n                    \"type\": \"FactSet\",\n                    \"facts\": [\n {                      \n                            \"title\": \"State\",\n                            \"value\": \"@{body('Get_the_label_of_the_status_for_the_record_2')?[0]?['title']}\"\n                        },\n  {\n                            \"title\": \"Email\",\n                            \"value\": \"[@{outputs('Get_a_record_2')?['body/emailaddress1']}](mailto:@{outputs('Get_a_record_2')?['body/emailaddress1']})\"\n                        },\n                        {\n                            \"title\": \"Telephone\",\n                            \"value\": \"[@{outputs('Get_a_record_2')?['body/mobilephone']}](tel:+@{outputs('Get_a_record_2')?['body/mobilephone']})\"\n                        }\n                    ]\n                }\n            ]\n        },\n{\n            \"type\": \"Container\",\n            \"items\": [\n                {\n                    \"type\": \"ColumnSet\",\n                    \"columns\": [\n                        {\n                            \"type\": \"Column\",\n                            \"id\": \"chevronDown4\",\n                            \"selectAction\": {\n                                \"type\": \"Action.ToggleVisibility\",\n                                \"title\": \"show history\",\n                                \"targetElements\": [\n                                    \"cardContent4\",\n                                    \"chevronUp4\",\n                                    \"chevronDown4\"\n                                ]\n                            },\n                            \"verticalContentAlignment\": \"Center\",\n                            \"items\": [\n                                {\n                                    \"type\": \"TextBlock\",\n                                    \"horizontalAlignment\": \"Right\",\n                                    \"color\": \"Accent\",\n                                    \"text\": \"Show Recent Activities\",\n                                    \"wrap\": true\n                                }\n                            ],\n                            \"width\": 1\n                        },\n                        {\n                            \"type\": \"Column\",\n                            \"id\": \"chevronUp4\",\n                            \"isVisible\": false,\n                            \"selectAction\": {\n                                \"type\": \"Action.ToggleVisibility\",\n                                \"title\": \"hide history\",\n                                \"targetElements\": [\n                                    \"cardContent4\",\n                                    \"chevronUp4\",\n                                    \"chevronDown4\"\n                                ]\n                            },\n                            \"verticalContentAlignment\": \"Center\",\n                            \"items\": [\n                                {\n                                    \"type\": \"TextBlock\",\n                                    \"horizontalAlignment\": \"Right\",\n                                    \"color\": \"Accent\",\n                                    \"text\": \"Hide Recent Activities\",\n                                    \"wrap\": true\n                                }\n                            ],\n                            \"width\": 1\n                        }\n                    ]\n                }\n            ]\n        },\n        {\n            \"type\": \"Container\",\n            \"id\": \"cardContent4\",\n            \"isVisible\": false,\n            \"items\": [\n                {\n                   \"type\": \"ActionSet\",\n                    \"actions\": [\n                        @{outputs('Delete_last_comma_from_the_string_array_2')}\n                    ]\n                }\n            ]\n        }\n    ],\n    \"actions\": [\n        {\n            \"type\": \"Action.ShowCard\",\n            \"title\": \"Add a Note\",\n            \"card\": {\n                \"type\": \"AdaptiveCard\",\n                \"body\": [\n                    {\n                        \"type\": \"Input.Text\",\n                        \"id\": \"subject\",\n                        \"isMultiline\": false,\n                        \"placeholder\": \"Enter your title\"\n                    },\n                    {\n                        \"type\": \"Input.Text\",\n                        \"id\": \"note\",\n                        \"isMultiline\": true,\n                        \"placeholder\": \"You can enter a date below to convert this note into a reminder!\"\n                    },\n                    {\n                        \"type\":\"Input.Date\",\n                        \"id\": \"due\"\n                    }\n                ],\n                \"actions\": [\n                    {\n                        \"type\": \"Action.Submit\",\n                        \"title\": \"Submit\",\n                        \"data\": {\n                            \"msteams\": {\n                                \"type\": \"messageBack\",\n                                \"displayText\": \"Note Added.\",\n                                \"text\": \"Note added contacts @{outputs('Get_a_record_2')?['body/contactid']}\"\n                            }\n                        }\n                    }\n                ],\n                \"$schema\": \"http://adaptivecards.io/schemas/adaptive-card.json\"\n            }\n        },\n        {\n            \"type\": \"Action.ShowCard\",\n            \"title\": \"Change State\",\n            \"card\": {\n                \"type\": \"AdaptiveCard\",\n                \"body\": [\n                   {\n                    \"type\": \"Input.ChoiceSet\",\n                    \"id\":\"state\",\n                    \"placeholder\": \"Deactivating the record will hide it from your searches!\",\n                    \"choices\": \n@{body('Create_States_array_2')}\n,\n                    \"style\": \"expanded\"\n                }\n                ],\n                \"actions\": [\n                    {\n                        \"type\": \"Action.Submit\",\n                        \"title\": \"Submit\",\n                        \"data\": {\n                            \"msteams\": {\n                                \"type\": \"messageBack\",\n                                \"displayText\": \"State changed.\",\n                                \"text\": \"State changed contacts @{outputs('Get_a_record_2')?['body/contactid']}\"\n                            }\n                        }\n                    }\n                ],\n                \"$schema\": \"http://adaptivecards.io/schemas/adaptive-card.json\"\n            }\n        },\n{\n            \"type\": \"Action.ShowCard\",\n            \"title\": \"Related\",\n            \"card\": {\n                \"type\": \"AdaptiveCard\",\n                \"body\": [\n                    {\n                        \"type\": \"Input.ChoiceSet\",\n                        \"id\": \"related\",\n                        \"placeholder\": \"Pick a related entity to see the list here\",\n                        \"choices\": [\n                            {\n                                \"title\": \"Accounts\",\n                                \"value\": \"Accounts\"\n                            },\n                            {\n                                \"title\": \"Opportunities\",\n                                \"value\": \"Opportunities\"\n                            },\n                            {\n                                \"title\": \"Notes\",\n                                \"value\": \"Notes\"\n                            }\n                        ],\n                        \"style\": \"expanded\"\n                    }\n                ],\n                \"actions\": [\n                    {\n                        \"type\": \"Action.Submit\",\n                        \"title\": \"Show\",\n                        \"data\": {\n                            \"msteams\": {\n                                \"type\": \"messageBack\",\n                                \"displayText\": \"Query initiated.\",\n                                \"text\": \"Show related contacts @{outputs('Get_a_record_2')?['body/contactid']}\"\n                            }\n                        }\n                    }\n                ],\n                \"$schema\": \"http://adaptivecards.io/schemas/adaptive-card.json\"\n            }\n        }\n    ]\n}"},"authentication":"@parameters('$authentication')"}},"Append_to_Cards_2":{"runAfter":{"Build_Adaptive_Card_Response_2":["Succeeded"]},"type":"AppendToArrayVariable","inputs":{"name":"cards","value":"@outputs('Build_Adaptive_Card_Response_2')?['body/message']"}}},"runAfter":{"Set_States_for_Contacts":["Succeeded"]},"type":"Scope"},"Send_Response_4":{"runAfter":{"Find_and_Show_Contacts":["Succeeded"]},"type":"OpenApiConnection","inputs":{"host":{"connectionName":"shared_bot-5fcrm-20bot-5fc1eaab380e9b7d74","operationId":"send-response","apiId":"/providers/Microsoft.PowerApps/apis/shared_bot-5fcrm-20bot-5fc1eaab380e9b7d74"},"parameters":{"body/sessionId":"@triggerOutputs()?['body/BotSessionId']","body/useGlossary":false,"body/targetLanguage":"en","body/webhookResponse/FulfillmentMessages":["@outputs('Build_Adaptive_Card_Response_2')?['body/message']"]},"authentication":"@parameters('$authentication')"}}}},"Opportunities":{"case":"Opportunities","actions":{"Set_States_for_Opportunities":{"actions":{"Filter_States_3":{"runAfter":{},"type":"Query","inputs":{"from":"@variables('States')","where":"@equals(item()?['entity'], 'opportunity')"}},"Create_States_array_3":{"runAfter":{"Filter_States_3":["Succeeded"]},"type":"Select","inputs":{"from":"@body('Filter_States_3')","select":{"title":"@item()?['label']","value":"@item()?['status']"}}}},"runAfter":{},"type":"Scope"},"Find_and_Show_Opportunities":{"actions":{"Get_a_record_3":{"runAfter":{},"type":"OpenApiConnection","inputs":{"host":{"connectionName":"shared_commondataserviceforapps_1","operationId":"GetItem","apiId":"/providers/Microsoft.PowerApps/apis/shared_commondataserviceforapps"},"parameters":{"entityName":"opportunities","recordId":"@triggerOutputs()?['body/guid']"},"authentication":"@parameters('$authentication')"}},"Clear_activities_array_3":{"runAfter":{"Get_a_record_3":["Succeeded"]},"type":"SetVariable","inputs":{"name":"activities","value":"@{null}"}},"Get_a_Modifier_3":{"runAfter":{"Clear_activities_array_3":["Succeeded"]},"type":"OpenApiConnection","inputs":{"host":{"connectionName":"shared_commondataserviceforapps_1","operationId":"GetItem","apiId":"/providers/Microsoft.PowerApps/apis/shared_commondataserviceforapps"},"parameters":{"entityName":"systemusers","recordId":"@outputs('Get_a_record_3')?['body/_modifiedby_value']"},"authentication":"@parameters('$authentication')"}},"Set_Link_to_the_Record_3":{"runAfter":{"Get_a_Modifier_3":["Succeeded"]},"type":"Compose","inputs":"@{first(split(outputs('Get_a_Modifier_3')?['body']?['@odata.id'], '/api/'))}/main.aspx?appid=@{variables('App ID')}&pagetype=entityrecord&etn=opportunity&id=@{outputs('Get_a_record_3')?['body/opportunityid']}"},"List_Activities_3":{"runAfter":{"Set_Link_to_the_Record_3":["Succeeded"]},"type":"OpenApiConnection","inputs":{"host":{"connectionName":"shared_commondataserviceforapps_1","operationId":"ListRecords","apiId":"/providers/Microsoft.PowerApps/apis/shared_commondataserviceforapps"},"parameters":{"entityName":"activitypointers","fetchXml":"<fetch version=\"1.0\" output-format=\"xml-platform\" mapping=\"logical\" distinct=\"true\" >\n  <entity name=\"activitypointer\" >\n    <attribute name=\"activityid\" />\n    <attribute name=\"regardingobjectid\" />\n    <attribute name=\"activitytypecode\" />\n    <attribute name=\"regardingobjecttypecode\" />\n    <attribute name=\"subject\" />\n    <order attribute=\"scheduledend\" descending=\"true\" />\n    <filter type=\"and\" >\n      <condition attribute=\"statecode\" operator=\"in\" >\n        <value>0</value>\n        <value>3</value>\n      </condition>\n    </filter>\n    <link-entity name=\"activityparty\" from=\"activityid\" to=\"activityid\" link-type=\"inner\" alias=\"ab\" >\n      <filter type=\"and\" >\n        <condition attribute=\"partyid\" operator=\"eq\" uitype=\"opportunity\" value=\"@{triggerOutputs()?['body/guid']}\" />\n      </filter>\n    </link-entity>\n  </entity>\n</fetch>"},"authentication":"@parameters('$authentication')"}},"Apply_to_each_3":{"foreach":"@outputs('List_Activities_3')?['body/value']","actions":{"Set_Activity_Icon_based_on_Type_3":{"runAfter":{},"cases":{"Case":{"case":"task","actions":{"Set_variable_9":{"runAfter":{},"type":"SetVariable","inputs":{"name":"Start Activity Icon url","value":"https://cdn.iconscout.com/icon/free/png-64/bolt-thunder-electricity-energy-charge-17-32420.png"}}}},"Case_2":{"case":"phonecall","actions":{"Set_variable_10":{"runAfter":{},"type":"SetVariable","inputs":{"name":"Start Activity Icon url","value":"https://cdn.iconscout.com/icon/free/png-64/mobile-phone-cell-device-telephone-communication-16-28689.png"}}}},"Case_3":{"case":"email","actions":{"Set_variable_11":{"runAfter":{},"type":"SetVariable","inputs":{"name":"Start Activity Icon url","value":"https://cdn.iconscout.com/icon/free/png-64/mail-email-message-inbox-letter-envelope-17-32381.png"}}}},"Case_4":{"case":"appointment","actions":{"Set_variable_12":{"runAfter":{},"type":"SetVariable","inputs":{"name":"Start Activity Icon url","value":"https://cdn.iconscout.com/icon/free/png-64/calender-date-day-year-reminder-schedule-17-32402.png"}}}}},"default":{"actions":{"Set_variable_13":{"runAfter":{},"type":"SetVariable","inputs":{"name":"Start Activity Icon url","value":"https://cdn.iconscout.com/icon/free/png-64/activity-3-124194.png"}}}},"expression":"@items('Apply_to_each_3')?['activitytypecode']","type":"Switch"},"Set_a_Link_to_Activity_3":{"runAfter":{"Set_Activity_Icon_based_on_Type_3":["Succeeded"]},"type":"Compose","inputs":"@{first(split(outputs('Get_a_Modifier_3')?['body']?['@odata.id'], '/api/'))}/main.aspx?appid=@{variables('App ID')}&pagetype=entityrecord&etn=@{items('Apply_to_each_3')?['activitytypecode']}&id=@{items('Apply_to_each_3')?['activityid']}"},"Append_to_string_variable_3":{"runAfter":{"Set_a_Link_to_Activity_3":["Succeeded"]},"type":"AppendToStringVariable","inputs":{"name":"activities","value":"{\n                        \"type\": \"Action.Submit\",\n                        \"title\": \"@{items('Apply_to_each_3')?['subject']} | Due  @{formatDateTime(items('Apply_to_each_3')?['scheduledend'], 'dd/MM hh:mm tt')}\",\n                        \"data\": {\n                            \"msteams\": {\n                                \"type\": \"messageBack\",\n                                \"displayText\": \"@{items('Apply_to_each_3')?['subject']}\",\n                             \"text\": \"Show specific activities @{items('Apply_to_each_3')?['activityid']}\"\n                            }\n                        },\n                            \"iconUrl\": \"@{variables('Start Activity Icon URL')}\"\n                    },"}}},"runAfter":{"List_Activities_3":["Succeeded"]},"type":"Foreach"},"Delete_last_comma_from_the_string_array_3":{"runAfter":{"Apply_to_each_3":["Succeeded"]},"type":"Compose","inputs":"@substring(variables('activities'), 0, add(length(variables('activities')), -1))"},"Get_the_label_of_the_status_for_the_record_3":{"runAfter":{"Delete_last_comma_from_the_string_array_3":["Succeeded","Failed","Skipped"]},"type":"Query","inputs":{"from":"@body('Create_States_array_3')","where":"@equals(item()?['value'], outputs('Get_a_record_3')?['body/statuscode'])"}},"Format_number_2":{"runAfter":{"Get_the_label_of_the_status_for_the_record_3":["Succeeded"]},"type":"Expression","kind":"FormatNumber","inputs":{"number":"@outputs('Get_a_record_3')?['body/estimatedvalue']","format":"C2"}},"Build_Adaptive_Card_Response_3":{"runAfter":{"Format_number_2":["Succeeded","Failed"]},"type":"OpenApiConnection","inputs":{"host":{"connectionName":"shared_bot-5fcrm-20bot-5fc1eaab380e9b7d74","operationId":"build-custom-message","apiId":"/providers/Microsoft.PowerApps/apis/shared_bot-5fcrm-20bot-5fc1eaab380e9b7d74"},"parameters":{"body/platform":"@triggerOutputs()?['body/Platform']","body/text":"{\n    \"$schema\": \"http://adaptivecards.io/schemas/adaptive-card.json\",\n    \"type\": \"AdaptiveCard\",\n    \"version\": \"1.0\",\n    \"body\": [\n        {\n            \"type\": \"Container\",\n            \"items\": [\n                {\n                    \"type\": \"TextBlock\",\n                    \"text\": \"[@{outputs('Get_a_record_3')?['body/name']}](@{outputs('Set_Link_to_the_Record_3')})\",\n                    \"weight\": \"Bolder\",\n                    \"size\": \"Medium\"\n                },\n                {\n                    \"type\": \"ColumnSet\",\n                    \"columns\": [\n                        {\n                            \"type\": \"Column\",\n                            \"width\": \"auto\",\n                            \"items\": [\n                                {\n                                    \"type\": \"Image\",\n                                    \"url\": \"https://eu.ui-avatars.com/api/?background=0D8ABC&color=fff&name=@{outputs('Get_a_Modifier_3')?['body/fullname']}&rounded=true\",\n                                    \"size\": \"Small\",\n                                    \"style\": \"Person\",\n\"selectAction\": {\n                                \"type\": \"Action.OpenUrl\",\n                                \"url\": \"https://teams.microsoft.com/l/chat/0/0?users=@{outputs('Get_a_Modifier_3')?['body/internalemailaddress']}\"\n                            }\n                                }\n                            ]\n                        },\n                        {\n                            \"type\": \"Column\",\n                            \"width\": \"stretch\",\n                            \"items\": [\n                                {\n                                    \"type\": \"TextBlock\",\n                                    \"spacing\": \"None\",\n                                    \"text\": \"Modified by [@{outputs('Get_a_Modifier_3')?['body/fullname']}](https://teams.microsoft.com/l/chat/0/0?users=@{outputs('Get_a_Modifier_3')?['body/internalemailaddress']}) on {{DATE(@{outputs('Get_a_record_3')?['body/modifiedon']}, SHORT)}}\",\n                                    \"isSubtle\": true,\n                                    \"wrap\": true\n                                }\n                            ]\n                        }\n                    ]\n                }\n            ]\n        },\n        {\n            \"type\": \"Container\",\n            \"items\": [\n                {\n                    \"type\": \"TextBlock\",\n                    \"text\": \"@{outputs('Get_a_record_3')?['body/description']}\",\n                    \"wrap\": true\n                },\n                {\n                    \"type\": \"FactSet\",\n                    \"facts\": [\n                       {\n                            \"title\": \"State\",\n                            \"value\": \"@{body('Get_the_label_of_the_status_for_the_record_3')?[0]?['title']}\"\n                        },\n  {\n                            \"title\": \"Estimated Revenue\",\n                            \"value\": \"@{outputs('Format_number_2')?['body']}\"\n                        },\n      {\n                            \"title\": \"Close Date\",\n                            \"value\": \"@{outputs('Get_a_record_3')?['body/estimatedclosedate']}\"\n                        }\n                    ]\n                }\n            ]\n        },\n{\n            \"type\": \"Container\",\n            \"items\": [\n                {\n                    \"type\": \"ColumnSet\",\n                    \"columns\": [\n                        {\n                            \"type\": \"Column\",\n                            \"id\": \"chevronDown4\",\n                            \"selectAction\": {\n                                \"type\": \"Action.ToggleVisibility\",\n                                \"title\": \"show history\",\n                                \"targetElements\": [\n                                    \"cardContent4\",\n                                    \"chevronUp4\",\n                                    \"chevronDown4\"\n                                ]\n                            },\n                            \"verticalContentAlignment\": \"Center\",\n                            \"items\": [\n                                {\n                                    \"type\": \"TextBlock\",\n                                    \"horizontalAlignment\": \"Right\",\n                                    \"color\": \"Accent\",\n                                    \"text\": \"Show Recent Activities\",\n                                    \"wrap\": true\n                                }\n                            ],\n                            \"width\": 1\n                        },\n                        {\n                            \"type\": \"Column\",\n                            \"id\": \"chevronUp4\",\n                            \"isVisible\": false,\n                            \"selectAction\": {\n                                \"type\": \"Action.ToggleVisibility\",\n                                \"title\": \"hide history\",\n                                \"targetElements\": [\n                                    \"cardContent4\",\n                                    \"chevronUp4\",\n                                    \"chevronDown4\"\n                                ]\n                            },\n                            \"verticalContentAlignment\": \"Center\",\n                            \"items\": [\n                                {\n                                    \"type\": \"TextBlock\",\n                                    \"horizontalAlignment\": \"Right\",\n                                    \"color\": \"Accent\",\n                                    \"text\": \"Hide Recent Activities\",\n                                    \"wrap\": true\n                                }\n                            ],\n                            \"width\": 1\n                        }\n                    ]\n                }\n            ]\n        },\n        {\n            \"type\": \"Container\",\n            \"id\": \"cardContent4\",\n            \"isVisible\": false,\n            \"items\": [\n                {\n                      \"type\": \"ActionSet\",\n                    \"actions\": [\n                        @{outputs('Delete_last_comma_from_the_string_array_3')}\n                    ]\n                }\n            ]\n        }\n    ],\n    \"actions\": [\n        {\n            \"type\": \"Action.ShowCard\",\n            \"title\": \"Add a Note\",\n            \"card\": {\n                \"type\": \"AdaptiveCard\",\n                \"body\": [\n                    {\n                        \"type\": \"Input.Text\",\n                        \"id\": \"subject\",\n                        \"isMultiline\": false,\n                        \"placeholder\": \"Enter your title\"\n                    },\n                    {\n                        \"type\": \"Input.Text\",\n                        \"id\": \"note\",\n                        \"isMultiline\": true,\n                        \"placeholder\": \"You can enter a date below to convert this note into a reminder!\"\n                    },\n                    {\n                        \"type\":\"Input.Date\",\n                        \"id\": \"due\"\n                    }\n                ],\n                \"actions\": [\n                    {\n                        \"type\": \"Action.Submit\",\n                        \"title\": \"Submit\",\n                        \"data\": {\n                            \"msteams\": {\n                                \"type\": \"messageBack\",\n                                \"displayText\": \"Note Added.\",\n                                \"text\": \"Note added opportunities @{outputs('Get_a_record_3')?['body/opportunityid']}\"\n                            }\n                        }\n                    }\n                ],\n                \"$schema\": \"http://adaptivecards.io/schemas/adaptive-card.json\"\n            }\n        },\n        {\n            \"type\": \"Action.ShowCard\",\n            \"title\": \"Change State\",\n            \"card\": {\n                \"type\": \"AdaptiveCard\",\n                \"body\": [\n                   {\n                    \"type\": \"Input.ChoiceSet\",\n                    \"id\":\"state\",\n                    \"placeholder\": \"Deactivating the record will hide it from your searches!\",\n                    \"choices\": \n@{body('Create_States_array_3')}\n,\n                    \"style\": \"expanded\"\n                }\n                ],\n                \"actions\": [\n                    {\n                        \"type\": \"Action.Submit\",\n                        \"title\": \"Submit\",\n                        \"data\": {\n                            \"msteams\": {\n                                \"type\": \"messageBack\",\n                                \"displayText\": \"State changed.\",\n                                \"text\": \"State changed opportunities @{outputs('Get_a_record_3')?['body/opportunityid']}\"\n                            }\n                        }\n                    }\n                ],\n                \"$schema\": \"http://adaptivecards.io/schemas/adaptive-card.json\"\n            }\n        },\n{\n            \"type\": \"Action.ShowCard\",\n            \"title\": \"Related\",\n            \"card\": {\n                \"type\": \"AdaptiveCard\",\n                \"body\": [\n                    {\n                        \"type\": \"Input.ChoiceSet\",\n                        \"id\": \"related\",\n                        \"placeholder\": \"Pick a related entity to see the list here\",\n                        \"choices\": [\n                            {\n                                \"title\": \"Accounts\",\n                                \"value\": \"Accounts\"\n                            },\n                            {\n                                \"title\": \"Contacts\",\n                                \"value\": \"Contacts\"\n                            },\n                            {\n                                \"title\": \"Notes\",\n                                \"value\": \"Notes\"\n                            }\n                        ],\n                        \"style\": \"expanded\"\n                    }\n                ],\n                \"actions\": [\n                    {\n                        \"type\": \"Action.Submit\",\n                        \"title\": \"Show\",\n                        \"data\": {\n                            \"msteams\": {\n                                \"type\": \"messageBack\",\n                                \"displayText\": \"Query initiated.\",\n                                \"text\": \"Show related opportunities @{outputs('Get_a_record_3')?['body/opportunityid']}\"\n                            }\n                        }\n                    }\n                ],\n                \"$schema\": \"http://adaptivecards.io/schemas/adaptive-card.json\"\n            }\n        }\n    ]\n}"},"authentication":"@parameters('$authentication')"}},"Append_to_Cards_3":{"runAfter":{"Build_Adaptive_Card_Response_3":["Succeeded"]},"type":"AppendToArrayVariable","inputs":{"name":"cards","value":"@outputs('Build_Adaptive_Card_Response_3')?['body/message']"}}},"runAfter":{"Set_States_for_Opportunities":["Succeeded"]},"type":"Scope"},"Send_Response":{"runAfter":{"Find_and_Show_Opportunities":["Succeeded"]},"type":"OpenApiConnection","inputs":{"host":{"connectionName":"shared_bot-5fcrm-20bot-5fc1eaab380e9b7d74","operationId":"send-response","apiId":"/providers/Microsoft.PowerApps/apis/shared_bot-5fcrm-20bot-5fc1eaab380e9b7d74"},"parameters":{"body/sessionId":"@triggerOutputs()?['body/BotSessionId']","body/useGlossary":false,"body/targetLanguage":"en","body/webhookResponse/FulfillmentMessages":["@outputs('Build_Adaptive_Card_Response_3')?['body/message']"]},"authentication":"@parameters('$authentication')"}}}},"Activities":{"case":"Activities","actions":{"Set_States_for_Activities":{"actions":{"Filter_States_4":{"runAfter":{},"type":"Query","inputs":{"from":"@variables('States')","where":"@equals(item()?['entity'], 'activity')"}},"Create_States_array_4":{"runAfter":{"Filter_States_4":["Succeeded"]},"type":"Select","inputs":{"from":"@body('Filter_States_4')","select":{"title":"@item()?['label']","value":"@item()?['status']"}}}},"runAfter":{},"type":"Scope"},"Find_and_Show_Activities":{"actions":{"Get_a_record_4":{"runAfter":{},"type":"OpenApiConnection","inputs":{"host":{"connectionName":"shared_commondataserviceforapps_1","operationId":"GetItem","apiId":"/providers/Microsoft.PowerApps/apis/shared_commondataserviceforapps"},"parameters":{"entityName":"activitypointers","recordId":"@triggerOutputs()?['body/guid']"},"authentication":"@parameters('$authentication')"}},"Get_the_label_of_the_status_for_the_record_4":{"runAfter":{"Get_Due_Date":["Succeeded"]},"type":"Query","inputs":{"from":"@body('Create_States_array_4')","where":"@equals(item()?['value'], outputs('Get_a_record_4')?['body/statuscode'])"}},"Build_Adaptive_Card_Response_4":{"runAfter":{"Get_the_label_of_the_status_for_the_record_4":["Failed","Succeeded"]},"type":"OpenApiConnection","inputs":{"host":{"connectionName":"shared_bot-5fcrm-20bot-5fc1eaab380e9b7d74","operationId":"build-custom-message","apiId":"/providers/Microsoft.PowerApps/apis/shared_bot-5fcrm-20bot-5fc1eaab380e9b7d74"},"parameters":{"body/platform":"@triggerOutputs()?['body/Platform']","body/text":"{\n    \"$schema\": \"http://adaptivecards.io/schemas/adaptive-card.json\",\n    \"type\": \"AdaptiveCard\",\n    \"version\": \"1.2\",\n    \"body\": [\n        {\n            \"type\": \"Container\",\n            \"items\": [\n                {\n                    \"type\": \"ColumnSet\",\n                    \"columns\": [\n                        {\n                            \"type\": \"Column\",\n                            \"width\": \"auto\",\n                            \"items\": [\n                                {\n                                    \"type\": \"Image\",\n                                    \"url\": \"@{variables('Start Activity Icon url')}\",\n                                    \"size\": \"Small\",\n                                    \"style\": \"Person\"\n                                }\n                            ]\n                        },\n                        {\n                            \"type\": \"Column\",\n                            \"width\": \"stretch\",\n                            \"items\": [\n                                {\n                                    \"type\": \"TextBlock\",\n                                    \"spacing\": \"None\",\n                                    \"text\": \"[@{outputs('Get_a_record_4')?['body/subject']} - Due @{outputs('Get_Due_Date')}](@{outputs('Set_Link_to_the_Record_4')})\",\n                                    \"isSubtle\": true,\n                                    \"wrap\": true,\n                                    \"height\": \"stretch\"\n                                }\n                            ]\n                        }\n                    ]\n                }\n            ]\n        },\n        {\n            \"type\": \"ActionSet\",\n            \"actions\": [\n                {\n                    \"type\": \"Action.ShowCard\",\n                    \"card\": {\n                        \"type\": \"AdaptiveCard\",\n                        \"body\": [\n                            {\n                                \"type\": \"Input.Date\",\n                                \"id\": \"due\"\n                            }\n                        ],\n                        \"actions\": [\n                            {\n                                \"type\": \"Action.Submit\",\n                                \"title\": \"Submit\",\n                                \"data\": {\n                                    \"msteams\": {\n                                        \"type\": \"messageBack\",\n                                        \"displayText\": \"Activity Rescheduled.\",\n                                        \"text\": \"Update activities @{outputs('Get_a_record_4')?['body/activityid']}\"\n                                    }\n                                }\n                            }\n                        ],\n                        \"$schema\": \"http://adaptivecards.io/schemas/adaptive-card.json\"\n                    },\n                    \"title\": \"Reschedule\"\n                },\n                {\n                    \"type\": \"Action.ShowCard\",\n                    \"card\": {\n                        \"type\": \"AdaptiveCard\",\n                        \"body\": [\n                            {\n                                \"type\": \"Input.ChoiceSet\",\n                                \"id\": \"state\",\n                                             \"choices\": \n@{body('Create_States_array_4')}\n,\n                                \"style\": \"expanded\"\n                            }\n                        ],\n                        \"actions\": [\n                            {\n                                \"type\": \"Action.Submit\",\n                                \"title\": \"Submit\",\n                                \"data\": {\n                                    \"msteams\": {\n                                        \"type\": \"messageBack\",\n                                        \"displayText\": \"State changed.\",\n                                        \"text\": \"State changed activities @{outputs('Get_a_record_4')?['body/activityid']}\"\n                                    }\n                                }\n                            }\n                        ],\n                        \"$schema\": \"http://adaptivecards.io/schemas/adaptive-card.json\"\n                    },\n                    \"title\": \"Change State\"\n                },\n                {\n                    \"type\": \"Action.Submit\",\n                    \"title\": \"Show Parent\",\n                                \"data\": {\n                                    \"msteams\": {\n                                        \"type\": \"messageBack\",\n                                        \"displayText\": \"Opening parent record\",\n                                        \"text\": \"Show specific @{outputs('Get_a_record_4')?['body/_regardingobjectid_value@Microsoft.Dynamics.CRM.lookuplogicalname']} @{outputs('Get_a_record_4')?['body/_regardingobjectid_value']}\"\n                                    }\n                                }\n                }\n            ]\n        }\n    ]\n}"},"authentication":"@parameters('$authentication')"}},"Send_Response_2":{"runAfter":{"Build_Adaptive_Card_Response_4":["Succeeded"]},"type":"OpenApiConnection","inputs":{"host":{"connectionName":"shared_bot-5fcrm-20bot-5fc1eaab380e9b7d74","operationId":"send-response","apiId":"/providers/Microsoft.PowerApps/apis/shared_bot-5fcrm-20bot-5fc1eaab380e9b7d74"},"parameters":{"body/sessionId":"@triggerOutputs()?['body/BotSessionId']","body/useGlossary":false,"body/targetLanguage":"en","body/webhookResponse/FulfillmentMessages":["@outputs('Build_Adaptive_Card_Response_4')?['body/message']"]},"authentication":"@parameters('$authentication')"}},"Set_Activity_Icon_based_on_Type_4":{"runAfter":{"Get_a_record_4":["Succeeded"]},"cases":{"Case":{"case":"task","actions":{"Set_variable_16":{"runAfter":{},"type":"SetVariable","inputs":{"name":"Start Activity Icon url","value":"https://cdn.iconscout.com/icon/free/png-64/bolt-thunder-electricity-energy-charge-17-32420.png"}}}},"Case_2":{"case":"phonecall","actions":{"Set_variable_17":{"runAfter":{},"type":"SetVariable","inputs":{"name":"Start Activity Icon url","value":"https://cdn.iconscout.com/icon/free/png-64/mobile-phone-cell-device-telephone-communication-16-28689.png"}}}},"Case_3":{"case":"email","actions":{"Set_variable_18":{"runAfter":{},"type":"SetVariable","inputs":{"name":"Start Activity Icon url","value":"https://cdn.iconscout.com/icon/free/png-64/mail-email-message-inbox-letter-envelope-17-32381.png"}}}},"Case_4":{"case":"appointment","actions":{"Set_variable_19":{"runAfter":{},"type":"SetVariable","inputs":{"name":"Start Activity Icon url","value":"https://cdn.iconscout.com/icon/free/png-64/calender-date-day-year-reminder-schedule-17-32402.png"}}}}},"default":{"actions":{"Set_variable_15":{"runAfter":{},"type":"SetVariable","inputs":{"name":"Start Activity Icon url","value":"https://cdn.iconscout.com/icon/free/png-64/activity-3-124194.png"}}}},"expression":"@outputs('Get_a_record_4')?['body/activitytypecode']","type":"Switch"},"Get_Due_Date":{"runAfter":{"Set_Link_to_the_Record_4":["Succeeded"]},"type":"Compose","inputs":"@formatDateTime(outputs('Get_a_record_4')?['body/scheduledend'], 'dd/MM hh:mm tt')"},"Set_Link_to_the_Record_4":{"runAfter":{"Set_Activity_Icon_based_on_Type_4":["Succeeded"]},"type":"Compose","inputs":"@{first(split(outputs('Get_a_record_4')?['body']?['@odata.id'], '/api/'))}/main.aspx?appid=@{variables('App ID')}&pagetype=entityrecord&etn=@{outputs('Get_a_record_4')?['body/activitytypecode']}&id=@{outputs('Get_a_record_4')?['body/activityid']}"}},"runAfter":{"Set_States_for_Activities":["Succeeded"]},"type":"Scope"}}},"Products":{"case":"Products","actions":{"Find_and_Show_Products":{"actions":{"Get_a_record_5":{"runAfter":{},"type":"OpenApiConnection","inputs":{"host":{"connectionName":"shared_commondataserviceforapps_1","operationId":"GetItem","apiId":"/providers/Microsoft.PowerApps/apis/shared_commondataserviceforapps"},"parameters":{"entityName":"products","recordId":"@triggerOutputs()?['body/guid']"},"authentication":"@parameters('$authentication')"}},"Build_Adaptive_Card_Response_5":{"runAfter":{"Format_number_4":["Succeeded","Failed"]},"type":"OpenApiConnection","inputs":{"host":{"connectionName":"shared_bot-5fcrm-20bot-5fc1eaab380e9b7d74","operationId":"build-custom-message","apiId":"/providers/Microsoft.PowerApps/apis/shared_bot-5fcrm-20bot-5fc1eaab380e9b7d74"},"parameters":{"body/platform":"@triggerOutputs()?['body/Platform']","body/text":"{\n    \"$schema\": \"http://adaptivecards.io/schemas/adaptive-card.json\",\n    \"type\": \"AdaptiveCard\",\n    \"version\": \"1.2\",\n    \"body\": [\n        {\n            \"type\": \"Container\",\n            \"items\": [\n                {\n                    \"type\": \"ColumnSet\",\n                    \"columns\": [\n                        {\n                            \"type\": \"Column\",\n                            \"width\": \"auto\",\n                            \"items\": [\n                                {\n                                    \"type\": \"Image\",\n                                    \"url\": \"https://cdn.iconscout.com/icon/premium/png-64-thumb/product-1955621-1653431.png\",\n                                    \"size\": \"Small\",\n                                    \"style\": \"Person\"\n                                }\n                            ]\n                        },\n                        {\n                            \"type\": \"Column\",\n                            \"width\": \"stretch\",\n                            \"items\": [\n                                {\n                                    \"type\": \"TextBlock\",\n                                    \"spacing\": \"None\",\n                                    \"text\": \"[@{outputs('Get_a_record_5')?['body/name']}](@{outputs('Set_Link_to_the_Record_5')})\",\n                                    \"isSubtle\": true,\n                                    \"wrap\": true,\n                                    \"height\": \"stretch\"\n                                }\n                            ]\n                        }\n                    ]\n                }\n            ]\n        },\n        {\n            \"type\": \"FactSet\",\n            \"facts\": [\n                {\n                    \"title\": \"Description\",\n                    \"value\": \"@{if(empty(outputs('Get_a_record_5')?['body/description']),'No Description provided',outputs('Get_a_record_5')?['body/description'])}\"\n                },\n                {\n                    \"title\": \"List Price\",\n                    \"value\": \"@{outputs('Format_number_3')?['body']}\"\n                }\n                ,\n                {\n                    \"title\": \"Current Cost\",\n                    \"value\": \"@{outputs('Format_number_4')?['body']}\"\n                }\n            ]\n        }\n    ]\n}"},"authentication":"@parameters('$authentication')"}},"Send_Response_5":{"runAfter":{"Build_Adaptive_Card_Response_5":["Succeeded"]},"type":"OpenApiConnection","inputs":{"host":{"connectionName":"shared_bot-5fcrm-20bot-5fc1eaab380e9b7d74","operationId":"send-response","apiId":"/providers/Microsoft.PowerApps/apis/shared_bot-5fcrm-20bot-5fc1eaab380e9b7d74"},"parameters":{"body/sessionId":"@triggerOutputs()?['body/BotSessionId']","body/useGlossary":false,"body/targetLanguage":"en","body/webhookResponse/FulfillmentMessages":["@outputs('Build_Adaptive_Card_Response_5')?['body/message']"]},"authentication":"@parameters('$authentication')"}},"Set_Link_to_the_Record_5":{"runAfter":{"Get_a_record_5":["Succeeded"]},"type":"Compose","inputs":"@{first(split(outputs('Get_a_record_5')?['body']?['@odata.id'], '/api/'))}/main.aspx?appid=@{variables('App ID')}&pagetype=entityrecord&etn=product&id=@{outputs('Get_a_record_5')?['body/productid']}"},"Format_number_3":{"runAfter":{"Set_Link_to_the_Record_5":["Succeeded"]},"type":"Expression","kind":"FormatNumber","inputs":{"number":"@outputs('Get_a_record_5')?['body/price']","format":"C2"}},"Format_number_4":{"runAfter":{"Format_number_3":["Succeeded"]},"type":"Expression","kind":"FormatNumber","inputs":{"number":"@outputs('Get_a_record_5')?['body/currentcost']","format":"C2"}}},"runAfter":{},"type":"Scope"}}},"Leads":{"case":"Leads","actions":{"Set_States_for_Leads":{"actions":{"Filter_States_6":{"runAfter":{},"type":"Query","inputs":{"from":"@variables('States')","where":"@equals(item()?['entity'], 'lead')"}},"Create_States_array_6":{"runAfter":{"Filter_States_6":["Succeeded"]},"type":"Select","inputs":{"from":"@body('Filter_States_6')","select":{"title":"@item()?['label']","value":"@item()?['status']"}}}},"runAfter":{},"type":"Scope"},"Find_and_Show_Leads":{"actions":{"Get_a_record_6":{"runAfter":{},"type":"OpenApiConnection","inputs":{"host":{"connectionName":"shared_commondataserviceforapps_1","operationId":"GetItem","apiId":"/providers/Microsoft.PowerApps/apis/shared_commondataserviceforapps"},"parameters":{"entityName":"leads","recordId":"@triggerOutputs()?['body/guid']"},"authentication":"@parameters('$authentication')"}},"Clear_activities_array_6":{"runAfter":{"Get_a_record_6":["Succeeded"]},"type":"SetVariable","inputs":{"name":"activities","value":"@{null}"}},"Get_a_Modifier_6":{"runAfter":{"Clear_activities_array_6":["Succeeded"]},"type":"OpenApiConnection","inputs":{"host":{"connectionName":"shared_commondataserviceforapps_1","operationId":"GetItem","apiId":"/providers/Microsoft.PowerApps/apis/shared_commondataserviceforapps"},"parameters":{"entityName":"systemusers","recordId":"@outputs('Get_a_record_6')?['body/_modifiedby_value']"},"authentication":"@parameters('$authentication')"}},"Set_Link_to_the_Record_6":{"runAfter":{"Get_a_Modifier_6":["Succeeded"]},"type":"Compose","inputs":"@{first(split(outputs('Get_a_Modifier_6')?['body']?['@odata.id'], '/api/'))}/main.aspx?appid=@{variables('App ID')}&pagetype=entityrecord&etn=lead&id=@{outputs('Get_a_record_6')?['body/leadid']}"},"List_Activities_6":{"runAfter":{"Set_Link_to_the_Record_6":["Succeeded"]},"type":"OpenApiConnection","inputs":{"host":{"connectionName":"shared_commondataserviceforapps_1","operationId":"ListRecords","apiId":"/providers/Microsoft.PowerApps/apis/shared_commondataserviceforapps"},"parameters":{"entityName":"activitypointers","fetchXml":"<fetch version=\"1.0\" output-format=\"xml-platform\" mapping=\"logical\" distinct=\"true\" >\n  <entity name=\"activitypointer\" >\n    <attribute name=\"activityid\" />\n    <attribute name=\"regardingobjectid\" />\n    <attribute name=\"activitytypecode\" />\n    <attribute name=\"regardingobjecttypecode\" />\n    <attribute name=\"subject\" />\n    <order attribute=\"scheduledend\" descending=\"true\" />\n    <filter type=\"and\" >\n      <condition attribute=\"statecode\" operator=\"in\" >\n        <value>0</value>\n        <value>3</value>\n      </condition>\n    </filter>\n    <link-entity name=\"activityparty\" from=\"activityid\" to=\"activityid\" link-type=\"inner\" alias=\"ab\" >\n      <filter type=\"and\" >\n        <condition attribute=\"partyid\" operator=\"eq\" uitype=\"lead\" value=\"@{triggerOutputs()?['body/guid']}\" />\n      </filter>\n    </link-entity>\n  </entity>\n</fetch>"},"authentication":"@parameters('$authentication')"}},"Apply_to_each_6":{"foreach":"@outputs('List_Activities_6')?['body/value']","actions":{"Set_Activity_Icon_based_on_Type_6":{"runAfter":{},"cases":{"Case":{"case":"task","actions":{"Set_variable_21":{"runAfter":{},"type":"SetVariable","inputs":{"name":"Start Activity Icon url","value":"https://cdn.iconscout.com/icon/free/png-64/bolt-thunder-electricity-energy-charge-17-32420.png"}}}},"Case_2":{"case":"phonecall","actions":{"Set_variable_22":{"runAfter":{},"type":"SetVariable","inputs":{"name":"Start Activity Icon url","value":"https://cdn.iconscout.com/icon/free/png-64/mobile-phone-cell-device-telephone-communication-16-28689.png"}}}},"Case_3":{"case":"email","actions":{"Set_variable_23":{"runAfter":{},"type":"SetVariable","inputs":{"name":"Start Activity Icon url","value":"https://cdn.iconscout.com/icon/free/png-64/mail-email-message-inbox-letter-envelope-17-32381.png"}}}},"Case_4":{"case":"appointment","actions":{"Set_variable_24":{"runAfter":{},"type":"SetVariable","inputs":{"name":"Start Activity Icon url","value":"https://cdn.iconscout.com/icon/free/png-64/calender-date-day-year-reminder-schedule-17-32402.png"}}}}},"default":{"actions":{"Set_variable_25":{"runAfter":{},"type":"SetVariable","inputs":{"name":"Start Activity Icon url","value":"https://cdn.iconscout.com/icon/free/png-64/activity-3-124194.png"}}}},"expression":"@items('Apply_to_each_6')?['activitytypecode']","type":"Switch"},"Set_a_Link_to_Activity_6":{"runAfter":{"Set_Activity_Icon_based_on_Type_6":["Succeeded"]},"type":"Compose","inputs":"@{first(split(outputs('Get_a_Modifier_6')?['body']?['@odata.id'], '/api/'))}/main.aspx?appid=@{variables('App ID')}&pagetype=entityrecord&etn=@{items('Apply_to_each_6')?['activitytypecode']}&id=@{items('Apply_to_each_6')?['activityid']}"},"Append_to_string_variable_6":{"runAfter":{"Set_a_Link_to_Activity_6":["Succeeded"]},"type":"AppendToStringVariable","inputs":{"name":"activities","value":"{\n                        \"type\": \"Action.Submit\",\n                        \"title\": \"@{items('Apply_to_each_6')?['subject']} | Due  @{formatDateTime(items('Apply_to_each_6')?['scheduledend'], 'dd/MM hh:mm tt')}\",\n                        \"data\": {\n                            \"msteams\": {\n                                \"type\": \"messageBack\",\n                                \"displayText\": \"@{items('Apply_to_each_6')?['subject']}\",\n                             \"text\": \"Show specific activities @{items('Apply_to_each_6')?['activityid']}\"\n                            }\n                        },\n                            \"iconUrl\": \"@{variables('Start Activity Icon URL')}\"\n                    },"}}},"runAfter":{"List_Activities_6":["Succeeded"]},"type":"Foreach"},"Delete_last_comma_from_the_string_array_6":{"runAfter":{"Apply_to_each_6":["Succeeded"]},"type":"Compose","inputs":"@substring(variables('activities'), 0, add(length(variables('activities')), -1))"},"Get_the_label_of_the_status_for_the_record_6":{"runAfter":{"Delete_last_comma_from_the_string_array_6":["Succeeded","Failed","Skipped"]},"type":"Query","inputs":{"from":"@body('Create_States_array_6')","where":"@equals(item()?['value'], outputs('Get_a_record_6')?['body/statuscode'])"}},"Format_number_6":{"runAfter":{"Get_the_label_of_the_status_for_the_record_6":["Succeeded"]},"type":"Expression","kind":"FormatNumber","inputs":{"number":"@outputs('Get_a_record_6')?['body/estimatedamount']","format":"C2"}},"Build_Adaptive_Card_Response_6":{"runAfter":{"Format_number_6":["Succeeded","Failed"]},"type":"OpenApiConnection","inputs":{"host":{"connectionName":"shared_bot-5fcrm-20bot-5fc1eaab380e9b7d74","operationId":"build-custom-message","apiId":"/providers/Microsoft.PowerApps/apis/shared_bot-5fcrm-20bot-5fc1eaab380e9b7d74"},"parameters":{"body/platform":"@triggerOutputs()?['body/Platform']","body/text":"{\n    \"$schema\": \"http://adaptivecards.io/schemas/adaptive-card.json\",\n    \"type\": \"AdaptiveCard\",\n    \"version\": \"1.0\",\n    \"body\": [\n        {\n            \"type\": \"Container\",\n            \"items\": [\n                {\n                    \"type\": \"TextBlock\",\n                    \"text\": \"[@{outputs('Get_a_record_6')?['body/subject']}](@{outputs('Set_Link_to_the_Record_6')})\",\n                    \"weight\": \"Bolder\",\n                    \"size\": \"Medium\"\n                },\n                {\n                    \"type\": \"ColumnSet\",\n                    \"columns\": [\n                        {\n                            \"type\": \"Column\",\n                            \"width\": \"auto\",\n                            \"items\": [\n                                {\n                                    \"type\": \"Image\",\n                                    \"url\": \"https://eu.ui-avatars.com/api/?background=0D8ABC&color=fff&name=@{outputs('Get_a_Modifier_6')?['body/fullname']}&rounded=true\",\n                                    \"size\": \"Small\",\n                                    \"style\": \"Person\",\n\"selectAction\": {\n                                \"type\": \"Action.OpenUrl\",\n                                \"url\": \"https://teams.microsoft.com/l/chat/0/0?users=@{outputs('Get_a_Modifier_6')?['body/internalemailaddress']}\"\n                            }\n                                }\n                            ]\n                        },\n                        {\n                            \"type\": \"Column\",\n                            \"width\": \"stretch\",\n                            \"items\": [\n                                {\n                                    \"type\": \"TextBlock\",\n                                    \"spacing\": \"None\",\n                                    \"text\": \"Modified by [@{outputs('Get_a_Modifier_6')?['body/fullname']}](https://teams.microsoft.com/l/chat/0/0?users=@{outputs('Get_a_Modifier_6')?['body/internalemailaddress']}) on {{DATE(@{outputs('Get_a_record_6')?['body/modifiedon']}, SHORT)}}\",\n                                    \"isSubtle\": true,\n                                    \"wrap\": true\n                                }\n                            ]\n                        }\n                    ]\n                }\n            ]\n        },\n        {\n            \"type\": \"Container\",\n            \"items\": [\n                {\n                    \"type\": \"TextBlock\",\n                    \"text\": \"@{if(empty(outputs('Get_a_record_6')?['body/description']),'No Description provided',outputs('Get_a_record_6')?['body/description'])}\",\n                    \"wrap\": true\n                },\n                {\n                    \"type\": \"FactSet\",\n                    \"facts\": [\n                       {\n                            \"title\": \"State\",\n                            \"value\": \"@{body('Get_the_label_of_the_status_for_the_record_6')?[0]?['title']}\"\n                        },\n  {\n                            \"title\": \"Estimated Revenue\",\n                            \"value\": \"@{outputs('Format_number_6')?['body']}\"\n                        },\n      {\n                            \"title\": \"Close Date\",\n                            \"value\": \"@{outputs('Get_a_record_6')?['body/estimatedclosedate']}\"\n                        }\n                    ]\n                }\n            ]\n        },\n{\n            \"type\": \"Container\",\n            \"items\": [\n                {\n                    \"type\": \"ColumnSet\",\n                    \"columns\": [\n                        {\n                            \"type\": \"Column\",\n                            \"id\": \"chevronDown4\",\n                            \"selectAction\": {\n                                \"type\": \"Action.ToggleVisibility\",\n                                \"title\": \"show history\",\n                                \"targetElements\": [\n                                    \"cardContent4\",\n                                    \"chevronUp4\",\n                                    \"chevronDown4\"\n                                ]\n                            },\n                            \"verticalContentAlignment\": \"Center\",\n                            \"items\": [\n                                {\n                                    \"type\": \"TextBlock\",\n                                    \"horizontalAlignment\": \"Right\",\n                                    \"color\": \"Accent\",\n                                    \"text\": \"Show Recent Activities\",\n                                    \"wrap\": true\n                                }\n                            ],\n                            \"width\": 1\n                        },\n                        {\n                            \"type\": \"Column\",\n                            \"id\": \"chevronUp4\",\n                            \"isVisible\": false,\n                            \"selectAction\": {\n                                \"type\": \"Action.ToggleVisibility\",\n                                \"title\": \"hide history\",\n                                \"targetElements\": [\n                                    \"cardContent4\",\n                                    \"chevronUp4\",\n                                    \"chevronDown4\"\n                                ]\n                            },\n                            \"verticalContentAlignment\": \"Center\",\n                            \"items\": [\n                                {\n                                    \"type\": \"TextBlock\",\n                                    \"horizontalAlignment\": \"Right\",\n                                    \"color\": \"Accent\",\n                                    \"text\": \"Hide Recent Activities\",\n                                    \"wrap\": true\n                                }\n                            ],\n                            \"width\": 1\n                        }\n                    ]\n                }\n            ]\n        },\n        {\n            \"type\": \"Container\",\n            \"id\": \"cardContent4\",\n            \"isVisible\": false,\n            \"items\": [\n                {\n                      \"type\": \"ActionSet\",\n                    \"actions\": [\n                        @{outputs('Delete_last_comma_from_the_string_array_6')}\n                    ]\n                }\n            ]\n        }\n    ],\n    \"actions\": [\n        {\n            \"type\": \"Action.ShowCard\",\n            \"title\": \"Add a Note\",\n            \"card\": {\n                \"type\": \"AdaptiveCard\",\n                \"body\": [\n                    {\n                        \"type\": \"Input.Text\",\n                        \"id\": \"subject\",\n                        \"isMultiline\": false,\n                        \"placeholder\": \"Enter your title\"\n                    },\n                    {\n                        \"type\": \"Input.Text\",\n                        \"id\": \"note\",\n                        \"isMultiline\": true,\n                        \"placeholder\": \"You can enter a date below to convert this note into a reminder!\"\n                    },\n                    {\n                        \"type\":\"Input.Date\",\n                        \"id\": \"due\"\n                    }\n                ],\n                \"actions\": [\n                    {\n                        \"type\": \"Action.Submit\",\n                        \"title\": \"Submit\",\n                        \"data\": {\n                            \"msteams\": {\n                                \"type\": \"messageBack\",\n                                \"displayText\": \"Note Added.\",\n                                \"text\": \"Note added leads @{outputs('Get_a_record_6')?['body/leadid']}\"\n                            }\n                        }\n                    }\n                ],\n                \"$schema\": \"http://adaptivecards.io/schemas/adaptive-card.json\"\n            }\n        },\n        {\n            \"type\": \"Action.ShowCard\",\n            \"title\": \"Change State\",\n            \"card\": {\n                \"type\": \"AdaptiveCard\",\n                \"body\": [\n                   {\n                    \"type\": \"Input.ChoiceSet\",\n                    \"id\":\"state\",\n                    \"placeholder\": \"Deactivating the record will hide it from your searches!\",\n                    \"choices\": \n@{body('Create_States_array_6')}\n,\n                    \"style\": \"expanded\"\n                }\n                ],\n                \"actions\": [\n                    {\n                        \"type\": \"Action.Submit\",\n                        \"title\": \"Submit\",\n                        \"data\": {\n                            \"msteams\": {\n                                \"type\": \"messageBack\",\n                                \"displayText\": \"State changed.\",\n                                \"text\": \"State changed leads @{outputs('Get_a_record_6')?['body/leadid']}\"\n                            }\n                        }\n                    }\n                ],\n                \"$schema\": \"http://adaptivecards.io/schemas/adaptive-card.json\"\n            }\n        },\n{\n            \"type\": \"Action.ShowCard\",\n            \"title\": \"Related\",\n            \"card\": {\n                \"type\": \"AdaptiveCard\",\n                \"body\": [\n                    {\n                        \"type\": \"Input.ChoiceSet\",\n                        \"id\": \"related\",\n                        \"placeholder\": \"Pick a related entity to see the list here\",\n                        \"choices\": [\n                            {\n                                \"title\": \"Accounts\",\n                                \"value\": \"Accounts\"\n                            },\n                            {\n                                \"title\": \"Contacts\",\n                                \"value\": \"Contacts\"\n                            },\n                            {\n                                \"title\": \"Notes\",\n                                \"value\": \"Notes\"\n                            }\n                        ],\n                        \"style\": \"expanded\"\n                    }\n                ],\n                \"actions\": [\n                    {\n                        \"type\": \"Action.Submit\",\n                        \"title\": \"Show\",\n                        \"data\": {\n                            \"msteams\": {\n                                \"type\": \"messageBack\",\n                                \"displayText\": \"Query initiated.\",\n                                \"text\": \"Show related leads @{outputs('Get_a_record_6')?['body/leadid']}\"\n                            }\n                        }\n                    }\n                ],\n                \"$schema\": \"http://adaptivecards.io/schemas/adaptive-card.json\"\n            }\n        }\n    ]\n}"},"authentication":"@parameters('$authentication')"}},"Send_Response_6":{"runAfter":{"Build_Adaptive_Card_Response_6":["Succeeded"]},"type":"OpenApiConnection","inputs":{"host":{"connectionName":"shared_bot-5fcrm-20bot-5fc1eaab380e9b7d74","operationId":"send-response","apiId":"/providers/Microsoft.PowerApps/apis/shared_bot-5fcrm-20bot-5fc1eaab380e9b7d74"},"parameters":{"body/sessionId":"@triggerOutputs()?['body/BotSessionId']","body/useGlossary":false,"body/targetLanguage":"en","body/webhookResponse/FulfillmentMessages":["@outputs('Build_Adaptive_Card_Response_6')?['body/message']"]},"authentication":"@parameters('$authentication')"}}},"runAfter":{"Set_States_for_Leads":["Succeeded"]},"type":"Scope"}}}},"default":{"actions":{}},"expression":"@triggerOutputs()?['body/entity']","type":"Switch"},"Start_Activities":{"runAfter":{"Start_Cards":["Succeeded"]},"type":"InitializeVariable","inputs":{"variables":[{"name":"activities","type":"string"}]}},"Start_App_ID":{"runAfter":{"Start_Activities":["Succeeded"]},"type":"InitializeVariable","inputs":{"variables":[{"name":"App ID","type":"string","value":"2a199df4-369c-ea11-a811-002248006fcd"}]},"description":"Please update with the id of your model driven app that you'd like all your records to display under."},"Start_Icon_URL":{"runAfter":{"Start_App_ID":["Succeeded"]},"type":"InitializeVariable","inputs":{"variables":[{"name":"Start Activity Icon url","type":"string"}]}},"Start_States":{"runAfter":{"Start_Icon_URL":["Succeeded"]},"type":"InitializeVariable","inputs":{"variables":[{"name":"States","type":"array","value":[{"entity":"account","status":1,"label":"Active"},{"entity":"account","status":2,"label":"Inactive"},{"entity":"contact","status":1,"label":"Active"},{"entity":"contact","status":2,"label":"Inactive"},{"entity":"opportunity","status":1,"label":"In Progress"},{"entity":"opportunity","status":2,"label":"On Hold"},{"entity":"opportunity","status":3,"label":"Won"},{"entity":"opportunity","status":4,"label":"Canceled"},{"entity":"opportunity","status":5,"label":"Out-Sold"},{"entity":"activity","status":1,"label":"Completed"},{"entity":"activity","status":2,"label":"Canceled"},{"entity":"lead","status":1,"label":"New"},{"entity":"lead","status":2,"label":"Contacted"},{"entity":"lead","status":3,"label":"Qualified"},{"entity":"lead","status":4,"label":"Lost"},{"entity":"lead","status":5,"label":"Cannot Contact"},{"entity":"lead","status":6,"label":"No Longer Interested"},{"entity":"lead","status":7,"label":"Canceled"}]}]}}},"outputs":{}}},"schemaVersion":"1.0.0.0"}