{"swagger":"2.0","info":{"title":"CRM Bot Admin","description":"Create powerful conversation experience for your customers right from your CRM system.\nLearn more https://docs.crmbot.ai/","version":"1.0"},"host":"services.crmbot.ai","basePath":"/designtime/api","schemes":["https"],"consumes":[],"produces":[],"paths":{"/dialogsessions":{"post":{"responses":{"200":{"description":"OK","schema":{"type":"object","properties":{"key":{"type":"string","description":"Delete key"},"result":{"type":"array","items":{"type":"object","properties":{"sessionId":{"type":"string","description":"sessionId"},"userId":{"type":"string","description":"userId"},"timestamp":{"type":"string","description":"timestamp"},"dialogLines":{"type":"array","items":{"type":"object","properties":{"id":{"type":"string","description":"id"},"timestamp":{"type":"string","description":"timestamp"},"triggeredIntent":{"type":"string","description":"triggeredIntent"},"userSaid":{"type":"string","description":"userSaid"},"botResponse":{"type":"string","description":"botResponse"},"flowUrl":{"type":"string","description":"flowUrl"},"intentConfidence":{"type":"number","format":"float","description":"intentConfidence"},"language":{"type":"string","description":"language"},"userMessageCorrelationId":{"type":"string","description":"userMessageCorrelationId"}}},"description":"dialogLines"}}},"description":"result"}}}}},"operationId":"get-sessions","summary":"Get sessions","description":"Get sessions","x-ms-visibility":"important"}},"/dialogsessions/delete":{"post":{"responses":{"200":{"description":"OK"}},"parameters":[{"name":"body","in":"body","required":false,"schema":{"type":"object","properties":{"key":{"type":"string","description":"Paste here your delete key","title":"Key"}},"required":["key"]},"x-ms-visibility":"advanced"}],"operationId":"delete-sessions","summary":"Delete sessions","description":"Delete sessions","x-ms-visibility":"important"}},"/translate/detect":{"post":{"responses":{"200":{"description":"OK","schema":{"type":"object","properties":{"detectedLanguage":{"type":"string","title":"Detected language"}}}}},"operationId":"detect-language","summary":"Detect language","parameters":[{"name":"body","in":"body","required":true,"schema":{"type":"object","properties":{"text":{"type":"string","description":"text","title":"Text"}},"required":["text"]},"x-ms-visibility":"advanced"}],"description":"Detect language"}},"/translate/text":{"post":{"responses":{"200":{"description":"OK","schema":{"type":"object","properties":{"text":{"type":"string","title":"Translated text"}}}}},"operationId":"translate-text","summary":"Translate text","parameters":[{"name":"body","in":"body","required":true,"schema":{"type":"object","properties":{"text":{"type":"string","description":"text","title":"Text"},"targetLanguage":{"type":"string","description":"Target language","title":"Target language"},"sourceLanguage":{"type":"string","description":"Source language","title":"Source language"},"omitParameters":{"type":"boolean","description":"Omit parameters","title":"Omit parameters"},"useGlossary":{"type":"boolean","description":"Use glossary","title":"Use glossary"}},"required":["text","targetLanguage","omitParameters"]},"x-ms-visibility":"advanced"}],"description":"Translate text"}},"/translate/texts":{"post":{"responses":{"200":{"description":"OK","schema":{"type":"object","properties":{"texts":{"type":"array","items":{"type":"string"},"title":"Translated batch of texts"}}}}},"operationId":"translate-texts","summary":"Translate text batch","parameters":[{"name":"body","in":"body","required":true,"schema":{"type":"object","properties":{"texts":{"type":"array","items":{"type":"string"},"description":"texts","title":"Texts"},"targetLanguage":{"type":"string","description":"Target language","title":"Target language"},"sourceLanguage":{"type":"string","description":"Source language","title":"Source language"},"omitParameters":{"type":"boolean","description":"Omit parameters","title":"Omit parameters"},"useGlossary":{"type":"boolean","description":"Use glossary","title":"Use glossary"}},"required":["texts","targetLanguage","omitParameters"]},"x-ms-visibility":"advanced"}],"description":"Translate text batch"}}},"definitions":{},"parameters":{},"responses":{},"securityDefinitions":{"Klucz interfejsu API":{"type":"apiKey","in":"header","name":"X-Tcb-Api-Key"}},"security":[{"Klucz interfejsu API":[]}],"tags":[]}