{"swagger":"2.0","info":{"title":"CRM Bot Cache","description":"Create powerful conversation experience for your customers right from your CRM system.\nLearn more https://docs.crmbot.ai/","version":"1.0"},"host":"services.crmbot.ai","basePath":"/cache/api","schemes":["https"],"consumes":[],"produces":[],"paths":{"/cache/collection":{"get":{"operationId":"get-collections","summary":"Get collections","description":"Get collections","responses":{"200":{"description":"OK","schema":{"type":"array","items":{"type":"string"}}}}},"post":{"operationId":"upsert-collection","summary":"Create collection","description":"Create collection","responses":{"200":{"description":"OK"}},"parameters":[{"name":"body","in":"body","schema":{"type":"object","properties":{"collectionName":{"type":"string","title":"Collection name","description":"Name of the collection"},"properties":{"type":"array","items":{"type":"string"},"description":"List of properties","title":"Property list"}},"required":["collectionName","properties"]}}]}},"/cache/collection/delete":{"post":{"operationId":"delete-collection","summary":"Delete collection","description":"Delete collection","responses":{"200":{"description":"OK"}},"parameters":[{"name":"body","in":"body","schema":{"type":"object","properties":{"collectionName":{"type":"string","title":"Collection name","description":"Name of the collection"}},"required":["collectionName"]}}]}},"/cache/queryOne":{"post":{"summary":"Get document","description":"Get document","operationId":"get-document","responses":{"200":{"description":"OK","schema":{"type":"object","properties":{"data":{"type":"object","title":"Document","description":"Document","properties":{}}}}}},"parameters":[{"name":"body","in":"body","schema":{"type":"object","properties":{"collectionName":{"description":"Name of the collection","type":"string","x-ms-dynamic-values":{"operationId":"get-collections"},"title":"Collection name","x-ms-visibility":"important"},"query":{"description":"Query","type":"string","title":"Document query"}},"required":["collectionName","query"]}}]}},"/cache/queryAll":{"post":{"summary":"List documents","description":"List documents","operationId":"get-documents","responses":{"200":{"description":"OK","schema":{"type":"object","properties":{"data":{"type":"array","items":{"type":"object"},"title":"Documents","description":"Documents array"}}}}},"parameters":[{"name":"body","in":"body","schema":{"type":"object","properties":{"collectionName":{"description":"Name of the collection","type":"string","x-ms-dynamic-values":{"operationId":"get-collections"},"title":"Collection name","x-ms-visibility":"important"},"query":{"description":"Query","type":"string","title":"Document query"}},"required":["collectionName","query"]}}]}},"/cache/upsertOne":{"post":{"summary":"Create document","description":"Create document","operationId":"upsert-document","responses":{"200":{"description":"OK","schema":{"type":"object","properties":{"data":{"type":"object","title":"Document","description":"Document","properties":{}}}}}},"parameters":[{"name":"body","in":"body","schema":{"type":"object","properties":{"collectionName":{"description":"Name of the collection","type":"string","x-ms-dynamic-values":{"operationId":"get-collections"},"title":"Collection name","x-ms-visibility":"important"},"idFieldName":{"description":"ID field name","type":"string","title":"ID"},"data":{"type":"object","properties":{},"description":"Document","title":"Document"}},"required":["collectionName","data","idFieldName"]}}]}},"/cache/delete":{"post":{"summary":"Delete document","description":"Delete document","operationId":"delete-document","responses":{"200":{"description":"OK"}},"parameters":[{"name":"body","in":"body","schema":{"type":"object","properties":{"collectionName":{"description":"Name of the collection","type":"string","x-ms-dynamic-values":{"operationId":"get-collections"},"title":"Collection name","x-ms-visibility":"important"},"query":{"description":"Query","type":"string","title":"Document query"}},"required":["collectionName","query"]}}]}},"/cache":{"post":{"summary":"Add one document","description":"Adds one document","operationId":"add-document","responses":{"200":{"description":"OK"}},"parameters":[{"name":"body","in":"body","schema":{"type":"object","properties":{"collectionName":{"description":"Name of the collection","type":"string","x-ms-dynamic-values":{"operationId":"get-collections"},"title":"Collection name","x-ms-visibility":"important"},"data":{"type":"object","properties":{},"description":"Document","title":"Document"}},"required":["collectionName","data"]}}],"x-ms-visibility":"internal"},"put":{"summary":"Update one document","description":"Updates one document","operationId":"update-document","responses":{"200":{"description":"OK"}},"parameters":[{"name":"body","in":"body","schema":{"type":"object","properties":{"collectionName":{"description":"Name of the collection","type":"string","x-ms-dynamic-values":{"operationId":"get-collections"},"title":"Collection name","x-ms-visibility":"important"},"data":{"type":"object","properties":{},"description":"Document","title":"Document"},"query":{"description":"Query","type":"string","title":"Document query"}},"required":["collectionName","data","query"]}}],"x-ms-visibility":"internal"}}},"definitions":{},"parameters":{},"responses":{},"securityDefinitions":{"Klucz interfejsu API":{"type":"apiKey","in":"header","name":"X-Tcb-Api-Key"}},"security":[{"Klucz interfejsu API":[]}],"tags":[]}